01/02/2004,8:30,9:57,10:20,10:30
01/02/2004,10:00,10:25,10:49,11:15
01/02/2004,10:15,10:20,11:35,11:35
01/02/2004,10:20,10:25,10:52,11:00
01/02/2004,11:15,11:20,11:45,12:00
01/02/2004,11:30,11:55,12:20,13:15
01/02/2004,11:30,12:15,12:30,13:00
01/02/2004,11:35,12:15,12:32,13:15
01/02/2004,13:00,13:40,14:13,14:35
01/02/2004,13:00,14:20,15:10,15:26
01/02/2004,13:00,15:30,15:56,16:00
01/02/2004,13:00,14:17,14:50,15:00
01/02/2004,13:00,13:15,13:37,14:00
01/02/2004,13:25,13:38,14:15,14:45
01/02/2004,13:40,14:00,14:40,14:50
01/02/2004,14:00,14:50,15:30,15:45
01/02/2004,14:00,15:12,15:55,16:10
01/02/2004,14:35,14:40,15:30,15:30
01/02/2004,14:40,16:15,17:00,17:00
01/02/2004,14:45,16:00,16:30,16:30
01/02/2004,15:10,15:15,15:45,16:00
01/05/2004,8:30,9:36,10:15,10:30
01/05/2004,8:30,8:53,9:20,10:00
01/05/2004,10:00,10:25,10:58,11:15
01/05/2004,10:15,10:50,11:40,11:45
01/05/2004,10:20,10:35,10:58,11:15
01/05/2004,10:30,10:30,11:10,11:10
01/05/2004,11:25,11:30,11:50,11:55
01/05/2004,11:30,13:00,13:35,14:00
01/05/2004,13:00,13:00,13:40,13:49
01/05/2004,13:00,13:00,13:45,14:05
01/05/2004,13:00,14:15,14:43,14:50
01/05/2004,13:00,13:41,14:08,14:15
01/05/2004,13:00,13:45,14:15,14:30
01/05/2004,13:05,14:10,14:45,15:15
01/05/2004,13:20,14:53,15:28,15:45
01/05/2004,13:30,13:50,14:30,14:45
01/05/2004,13:30,13:30,14:25,14:45
01/05/2004,13:45,14:15,14:45,14:50
01/05/2004,14:20,14:20,15:10,15:10
01/05/2004,14:30,14:50,15:30,15:45
01/05/2004,14:30,15:20,15:48,16:00
01/05/2004,17:10,17:25,17:45,17:46
01/06/2004,8:00,8:19,8:44,9:00
01/06/2004,9:00,9:05,9:35,9:50
01/06/2004,9:15,9:48,10:16,10:30
01/06/2004,10:00,10:15,10:48,11:00
01/06/2004,10:35,10:40,11:20,11:25
01/06/2004,10:55,11:15,11:45,12:00
01/06/2004,11:00,11:05,11:40,11:50
01/06/2004,11:00,13:00,13:37,13:55
01/06/2004,11:25,13:00,13:40,14:05
01/06/2004,11:35,13:45,14:05,14:10
01/06/2004,13:00,13:00,13:45,14:00
01/06/2004,13:00,13:47,14:15,14:30
01/06/2004,13:00,13:38,13:46,14:00
01/06/2004,13:00,14:39,15:03,15:10
01/06/2004,13:00,15:00,15:40,16:00
01/06/2004,13:00,14:00,14:35,14:40
01/06/2004,13:30,14:30,15:07,15:20
01/06/2004,13:30,15:07,15:41,15:50
01/06/2004,14:00,15:00,15:15,15:15
01/06/2004,14:50,15:17,15:46,15:50
01/06/2004,15:00,15:41,16:05,16:15
01/06/2004,15:45,15:50,16:14,16:30
01/07/2004,8:20,8:30,8:50,9:00
01/07/2004,8:35,9:35,10:00,10:00
01/07/2004,8:50,9:25,9:55,10:15
01/07/2004,9:00,9:00,9:45,10:00
01/07/2004,9:30,10:00,10:25,10:30
01/07/2004,10:25,10:20,11:15,11:15
01/07/2004,10:30,10:39,11:15,11:30
01/07/2004,10:30,10:45,11:15,11:30
01/07/2004,11:00,11:00,11:45,12:00
01/07/2004,11:40,13:00,13:40,13:45
01/07/2004,13:00,13:20,14:00,14:05
01/07/2004,13:00,13:20,13:50,14:00
01/07/2004,13:15,13:50,14:15,14:25
01/07/2004,13:15,13:30,14:05,14:15
01/07/2004,13:40,13:50,14:55,15:15
01/07/2004,14:00,14:20,14:45,15:00
01/07/2004,14:15,14:15,14:50,15:00
01/07/2004,14:35,15:00,15:40,16:05
01/07/2004,14:45,14:50,15:22,15:30
01/07/2004,15:00,15:24,15:50,16:00
01/08/2004,8:00,8:00,8:38,8:50
01/08/2004,8:00,8:10,8:49,8:55
01/08/2004,8:00,8:38,9:15,9:30
01/08/2004,8:00,9:00,9:20,9:30
01/08/2004,8:00,9:30,10:05,10:15
01/08/2004,8:00,9:15,9:58,10:10
01/08/2004,8:50,10:00,10:25,10:55
01/08/2004,9:25,9:25,10:10,10:10
01/08/2004,10:00,10:15,10:50,10:50
01/08/2004,10:30,10:40,11:15,11:30
01/08/2004,10:30,11:10,11:30,11:45
01/08/2004,11:00,11:15,11:45,12:00
01/08/2004,11:45,13:00,13:20,13:30
01/08/2004,13:00,13:00,13:45,14:10
01/08/2004,13:00,13:30,14:00,14:15
01/08/2004,13:00,13:45,14:15,14:30
01/08/2004,13:20,14:00,14:15,14:30
01/08/2004,14:00,14:15,14:45,14:55
01/08/2004,14:10,14:15,14:45,14:55
01/08/2004,14:50,14:54,15:25,15:30
01/08/2004,14:55,14:55,15:25,15:40
01/09/2004,8:00,8:00,8:30,8:50
01/09/2004,8:30,8:30,8:55,9:15
01/09/2004,8:40,8:40,9:10,9:20
01/09/2004,9:10,9:25,9:55,9:55
01/09/2004,9:35,10:00,10:30,10:30
01/09/2004,9:05,9:30,9:50,10:00
01/09/2004,11:00,11:10,11:40,12:00
01/09/2004,11:00,11:15,11:45,11:50
01/09/2004,13:00,13:00,13:25,13:50
01/09/2004,13:00,13:15,13:50,14:00
01/09/2004,13:00,13:20,13:50,14:10
01/09/2004,13:00,13:50,14:20,14:25
01/09/2004,13:15,13:55,14:14,14:30
01/09/2004,14:25,14:35,15:10,15:25
01/09/2004,14:50,15:10,15:35,15:40
01/09/2004,14:15,14:25,14:55,16:30
01/12/2004,8:00,8:30,9:00,9:20
01/12/2004,8:00,8:30,9:00,9:10
01/12/2004,8:25,9:15,9:43,10:10
01/12/2004,8:45,8:50,9:15,9:20
01/12/2004,9:00,9:13,9:42,10:00
01/12/2004,9:25,9:43,10:20,10:45
01/12/2004,9:30,9:40,11:00,11:10
01/12/2004,10:26,13:30,13:51,14:15
01/12/2004,10:30,10:50,11:45,12:00
01/12/2004,10:30,10:48,11:15,11:35
01/12/2004,10:45,11:14,11:45,12:00
01/12/2004,10:50,11:00,11:30,11:40
01/12/2004,10:50,11:30,12:00,13:45
01/12/2004,11:00,13:00,13:40,13:40
01/12/2004,11:15,13:03,13:30,13:45
01/12/2004,11:30,13:10,13:50,13:50
01/12/2004,11:50,14:00,14:30,14:45
01/12/2004,11:50,13:31,13:59,14:15
01/12/2004,13:00,13:25,14:00,14:00
01/12/2004,13:00,15:35,16:04,16:15
01/12/2004,13:00,13:45,14:05,14:16
01/12/2004,13:10,13:50,14:45,15:00
01/12/2004,13:15,14:40,15:24,15:35
01/12/2004,13:15,14:10,14:49,15:30
01/12/2004,13:30,13:45,14:25,14:25
01/12/2004,13:30,14:25,14:40,15:15
01/12/2004,13:35,14:32,15:05,15:30
01/12/2004,14:15,15:30,16:10,16:10
01/12/2004,14:25,15:14,15:39,16:00
01/12/2004,14:30,14:30,15:10,15:15
01/12/2004,14:30,16:00,16:30,16:35
01/12/2004,15:00,16:04,16:28,16:45
01/12/2004,15:00,15:47,16:15,16:30
01/12/2004,15:15,15:30,16:00,16:16
01/12/2004,15:15,15:20,16:15,16:30
01/13/2004,8:00,8:00,8:35,8:45
01/13/2004,8:00,8:00,8:28,9:05
01/13/2004,8:00,8:10,8:52,9:05
01/13/2004,8:00,8:20,8:50,8:55
01/13/2004,8:10,8:53,9:36,9:55
01/13/2004,8:20,8:30,9:15,9:25
01/13/2004,9:00,9:15,9:45,9:50
01/13/2004,9:00,9:20,10:00,10:00
01/13/2004,9:05,9:45,10:10,10:16
01/13/2004,9:30,10:20,11:00,11:15
01/13/2004,9:45,9:55,10:20,10:25
01/13/2004,10:00,10:18,10:50,11:20
01/13/2004,10:00,10:51,11:10,11:25
01/13/2004,10:15,10:20,10:50,10:55
01/13/2004,10:20,10:25,10:55,11:00
01/13/2004,10:40,13:00,14:00,14:16
01/13/2004,10:55,11:00,11:45,12:00
01/13/2004,11:00,11:15,11:45,12:00
01/13/2004,11:15,11:30,11:46,11:55
01/13/2004,13:00,14:20,14:55,15:00
01/13/2004,13:00,14:10,14:40,14:55
01/13/2004,13:00,13:58,14:25,14:35
01/13/2004,13:00,13:45,14:20,14:25
01/13/2004,13:00,13:20,13:56,14:16
01/13/2004,13:00,13:00,13:25,13:30
01/13/2004,13:00,13:20,14:00,14:00
01/13/2004,13:00,14:00,14:25,14:30
01/13/2004,13:10,14:29,14:54,15:10
01/13/2004,13:35,15:50,16:25,16:30
01/13/2004,14:00,14:45,15:30,15:35
01/13/2004,14:00,15:50,16:20,16:30
01/13/2004,14:25,14:50,15:35,15:50
01/13/2004,14:25,14:45,15:21,15:30
01/13/2004,14:30,15:25,15:55,16:00
01/13/2004,14:30,15:20,16:10,16:10
01/13/2004,14:50,15:05,15:40,16:00
01/13/2004,17:55,18:00,18:20,18:30
01/14/2004,8:00,8:00,8:35,8:35
01/14/2004,8:00,8:05,8:50,8:50
01/14/2004,8:00,8:10,8:35,8:55
01/14/2004,8:00,8:04,8:48,9:00
01/14/2004,8:00,8:49,9:28,9:40
01/14/2004,8:00,8:30,8:52,9:10
01/14/2004,8:00,8:30,9:20,9:20
01/14/2004,8:30,8:50,9:20,9:40
01/14/2004,8:30,9:30,9:51,10:00
01/14/2004,8:40,9:00,9:40,10:00
01/14/2004,9:40,10:00,10:25,10:30
01/14/2004,9:50,10:30,11:00,11:15
01/14/2004,9:55,10:05,10:28,10:45
01/14/2004,10:00,10:25,10:55,11:25
01/14/2004,10:15,11:03,11:35,12:00
01/14/2004,10:35,11:01,11:24,11:30
01/14/2004,11:00,11:30,11:52,12:00
01/14/2004,11:15,13:00,13:30,13:30
01/14/2004,11:25,11:30,11:45,12:00
01/14/2004,11:30,13:05,13:36,14:00
01/14/2004,11:30,13:00,13:27,13:35
01/14/2004,11:35,13:15,14:00,14:00
01/14/2004,13:00,13:45,14:20,14:35
01/14/2004,13:00,13:39,14:10,14:25
01/14/2004,13:00,14:00,14:41,15:00
01/14/2004,13:00,13:30,13:58,14:15
01/14/2004,13:00,14:12,14:45,15:15
01/14/2004,13:15,14:15,15:10,15:00
01/14/2004,13:30,14:30,15:13,15:30
01/14/2004,13:40,15:15,15:45,16:05
01/14/2004,14:00,14:45,15:25,15:40
01/14/2004,14:30,14:46,15:11,15:30
01/14/2004,15:30,15:50,16:05,16:16
01/15/2004,8:00,8:05,8:33,8:50
01/15/2004,8:00,8:55,9:15,9:30
01/15/2004,8:00,8:00,8:36,9:15
01/15/2004,8:30,9:20,10:00,9:45
01/15/2004,9:00,9:15,9:40,9:45
01/15/2004,9:30,10:05,10:30,10:45
01/15/2004,9:50,9:50,10:30,10:30
01/15/2004,10:20,10:20,10:45,10:45
01/15/2004,10:50,10:40,11:15,11:15
01/15/2004,11:20,13:00,13:25,13:40
01/15/2004,11:20,11:20,11:45,11:45
01/15/2004,13:00,13:00,13:25,13:40
01/15/2004,13:00,13:25,13:50,14:00
01/15/2004,13:00,13:15,13:39,13:50
01/15/2004,13:00,13:55,14:25,14:35
01/15/2004,13:00,13:10,13:40,13:45
01/15/2004,13:00,14:00,14:20,14:30
01/15/2004,13:10,14:15,14:45,14:45
01/15/2004,13:30,14:25,14:55,15:00
01/15/2004,13:30,14:30,15:10,15:10
01/15/2004,15:00,15:00,15:35,16:00
01/15/2004,17:00,17:40,18:15,18:25
01/16/2004,8:00,8:03,8:30,8:35
01/16/2004,8:00,8:00,9:00,9:10
01/16/2004,8:00,8:05,8:40,8:50
01/16/2004,8:30,8:30,9:20,9:40
01/16/2004,9:00,10:00,10:20,10:30
01/16/2004,10:00,10:00,10:35,10:55
01/16/2004,10:10,10:10,10:45,11:00
01/16/2004,10:10,14:50,15:10,15:50
01/16/2004,10:30,10:30,11:10,11:25
01/16/2004,10:30,10:40,11:10,11:45
01/16/2004,11:00,11:05,11:30,11:50
01/16/2004,11:00,11:30,13:30,13:35
01/16/2004,11:25,13:25,13:45,13:50
01/16/2004,11:30,13:00,13:28,13:45
01/16/2004,13:00,13:00,13:15,13:15
01/16/2004,13:00,13:30,14:00,14:15
01/16/2004,13:00,13:50,14:30,14:35
01/16/2004,13:00,14:00,14:30,14:45
01/16/2004,13:00,14:00,14:20,14:30
01/16/2004,13:00,14:00,14:35,15:00
01/16/2004,13:00,15:00,15:30,15:30
01/16/2004,13:00,15:00,15:30,15:45
01/16/2004,13:00,13:15,14:10,14:15
01/16/2004,13:00,13:30,14:05,14:30
01/16/2004,13:30,14:30,14:50,15:10
01/16/2004,13:30,13:50,14:35,14:50
01/16/2004,14:00,14:20,15:00,15:00
01/16/2004,14:35,14:50,15:30,15:35
01/16/2004,15:00,15:10,15:50,16:00
01/16/2004,15:00,15:50,16:15,16:30
01/20/2004,8:00,8:40,9:15,9:30
01/20/2004,8:00,8:46,9:15,9:16
01/20/2004,8:00,8:25,8:50,9:10
01/20/2004,8:00,8:15,8:46,9:10
01/20/2004,8:00,8:00,9:00,9:05
01/20/2004,8:00,8:05,8:25,8:50
01/20/2004,8:15,8:55,9:20,9:35
01/20/2004,8:30,9:00,9:45,10:00
01/20/2004,8:35,14:40,15:10,15:45
01/20/2004,8:50,10:30,11:09,11:50
01/20/2004,8:50,9:30,10:10,10:10
01/20/2004,9:00,9:50,10:45,11:30
01/20/2004,9:35,9:45,10:19,10:30
01/20/2004,10:00,10:40,11:50,11:55
01/20/2004,10:15,10:40,11:00,11:00
01/20/2004,10:20,11:30,13:30,13:35
01/20/2004,10:30,11:09,11:29,11:30
01/20/2004,10:40,11:00,11:40,11:58
01/20/2004,10:40,10:50,11:10,11:30
01/20/2004,11:00,13:30,14:10,14:35
01/20/2004,11:00,13:20,14:40,15:00
01/20/2004,11:15,13:00,13:26,13:45
01/20/2004,11:20,13:25,14:05,14:05
01/20/2004,11:40,14:10,14:50,15:15
01/20/2004,13:00,13:20,13:40,14:16
01/20/2004,13:00,13:00,13:20,14:00
01/20/2004,13:00,14:00,14:22,14:40
01/20/2004,13:00,14:45,15:25,15:26
01/20/2004,13:00,15:21,15:40,16:05
01/20/2004,13:00,16:00,16:20,16:25
01/20/2004,13:00,15:30,16:33,16:45
01/20/2004,13:00,16:05,16:35,16:45
01/20/2004,13:00,16:40,17:20,17:30
01/20/2004,13:00,13:26,14:00,14:16
01/20/2004,13:20,13:40,14:10,14:30
01/20/2004,13:25,14:20,14:40,15:25
01/20/2004,13:35,14:22,14:50,15:00
01/20/2004,13:40,14:40,16:10,16:10
01/20/2004,13:50,16:40,17:25,17:30
01/20/2004,14:00,14:20,14:45,15:40
01/20/2004,14:00,16:45,17:36,18:00
01/20/2004,14:15,15:25,16:10,16:10
01/20/2004,14:15,16:00,16:30,16:30
01/20/2004,14:35,15:30,16:12,16:45
01/20/2004,14:45,17:40,18:30,18:45
01/20/2004,15:00,16:10,16:20,16:30
01/20/2004,15:00,17:30,18:15,18:30
01/20/2004,16:10,16:20,16:50,17:05
01/21/2004,8:00,8:00,8:35,8:50
01/21/2004,8:00,8:00,8:25,8:55
01/21/2004,8:00,8:05,8:30,9:00
01/21/2004,8:00,8:45,9:10,9:30
01/21/2004,8:00,8:05,9:05,9:05
01/21/2004,8:00,8:00,9:04,10:00
01/21/2004,8:30,8:30,9:00,9:50
01/21/2004,8:30,10:10,10:22,10:40
01/21/2004,9:00,9:05,9:35,10:00
01/21/2004,9:15,9:00,9:35,10:00
01/21/2004,9:15,9:23,10:10,10:30
01/21/2004,9:30,9:30,10:10,10:25
01/21/2004,9:40,9:43,10:00,10:20
01/21/2004,10:35,11:15,11:35,11:50
01/21/2004,10:45,10:55,11:15,12:00
01/21/2004,11:00,11:05,12:00,12:00
01/21/2004,11:35,13:00,13:35,13:36
01/21/2004,13:00,13:00,13:20,13:50
01/21/2004,13:00,13:30,13:55,14:20
01/21/2004,13:00,13:10,13:50,14:00
01/21/2004,13:00,13:00,13:35,13:50
01/21/2004,13:45,13:55,14:15,14:30
01/21/2004,14:50,15:00,15:33,15:45
01/22/2004,8:00,8:15,8:50,9:25
01/22/2004,8:00,8:00,8:38,9:00
01/22/2004,8:30,9:00,9:30,10:00
01/22/2004,9:00,9:00,10:00,10:00
01/22/2004,9:00,9:15,9:45,10:15
01/22/2004,9:10,9:15,10:30,10:30
01/22/2004,9:20,9:20,11:00,11:00
01/22/2004,9:30,9:50,10:15,10:25
01/22/2004,10:00,10:30,11:15,11:15
01/22/2004,10:10,10:30,11:00,11:30
01/22/2004,10:30,10:45,11:00,11:00
01/22/2004,10:30,11:00,11:20,11:30
01/22/2004,10:50,11:10,11:40,11:40
01/22/2004,11:30,13:00,13:20,13:30
01/22/2004,13:00,13:00,13:30,13:30
01/22/2004,13:00,13:00,13:20,13:30
01/22/2004,13:00,13:15,13:45,13:45
01/22/2004,13:00,13:15,14:00,14:00
01/22/2004,13:00,13:30,14:20,14:30
01/22/2004,13:00,13:50,14:20,14:35
01/22/2004,13:00,14:45,15:30,15:30
01/22/2004,14:00,14:00,14:40,15:00
01/22/2004,14:25,15:10,16:00,16:00
01/22/2004,15:00,15:45,16:40,16:40
01/23/2004,9:15,9:40,10:00,10:00
01/23/2004,10:00,10:15,10:35,10:50
01/23/2004,10:10,10:15,10:45,10:55
01/23/2004,10:15,10:20,10:44,10:55
01/23/2004,10:16,10:45,11:15,11:15
01/23/2004,11:00,11:20,11:40,11:55
01/23/2004,11:15,11:25,11:32,11:35
01/23/2004,11:20,11:25,11:45,11:50
01/23/2004,13:00,13:00,13:30,13:45
01/23/2004,13:00,13:35,13:55,14:10
01/23/2004,13:50,14:05,14:20,14:30
01/23/2004,14:10,14:30,15:00,15:15
01/23/2004,14:15,14:40,15:20,15:25
01/23/2004,14:30,15:05,15:30,15:30
01/23/2004,15:00,15:20,15:50,16:00
01/23/2004,16:00,16:05,16:25,16:30
01/23/2004,16:10,16:20,16:45,16:50
01/26/2004,8:00,8:00,8:40,8:40
01/26/2004,8:00,8:00,8:40,8:40
01/26/2004,8:15,8:15,9:10,9:15
01/26/2004,8:15,8:15,9:10,9:15
01/26/2004,8:30,9:00,9:40,9:50
01/26/2004,8:30,9:00,9:40,9:50
01/26/2004,8:35,9:20,10:00,10:10
01/26/2004,8:35,9:20,10:00,10:10
01/26/2004,9:00,9:40,10:15,10:25
01/26/2004,9:00,9:40,10:15,10:25
01/26/2004,9:05,9:30,10:00,10:20
01/26/2004,9:05,9:30,10:00,10:30
01/26/2004,11:00,13:00,13:26,13:40
01/26/2004,11:00,13:00,13:26,13:40
01/26/2004,11:20,11:20,11:50,11:50
01/26/2004,11:20,11:20,11:50,11:50
01/26/2004,11:30,13:00,13:40,13:45
01/26/2004,11:30,13:00,13:40,13:45
01/26/2004,11:30,11:30,11:50,11:50
01/26/2004,13:00,13:00,13:30,13:55
01/26/2004,13:00,13:30,13:48,14:05
01/26/2004,13:00,13:47,14:20,14:45
01/26/2004,13:00,13:47,14:20,14:45
01/26/2004,13:00,13:30,13:48,14:05
01/26/2004,13:00,13:00,13:30,13:55
01/27/2004,8:00,8:00,8:40,9:00
01/27/2004,9:25,9:15,10:00,10:30
01/27/2004,9:25,9:25,9:51,10:00
01/27/2004,10:30,11:15,11:45,12:00
01/27/2004,10:35,11:00,11:30,11:40
01/27/2004,10:50,10:50,11:40,11:40
01/27/2004,11:00,13:00,13:30,13:55
01/27/2004,13:00,13:00,13:35,13:50
01/27/2004,13:00,13:20,14:10,14:10
01/27/2004,13:10,13:50,14:20,14:30
01/27/2004,14:05,14:10,14:45,15:05
01/27/2004,14:15,14:15,15:05,15:15
01/27/2004,14:30,14:50,15:35,15:50
01/27/2004,14:30,15:00,16:00,16:10
01/27/2004,14:40,14:40,15:10,15:20
01/27/2004,14:40,15:40,16:15,16:15
01/27/2004,14:55,15:10,15:30,15:50
01/27/2004,15:00,15:30,16:00,16:00
01/28/2004,8:00,8:00,8:35,9:06
01/28/2004,8:00,8:20,9:15,9:25
01/28/2004,8:00,9:00,9:40,10:00
01/28/2004,8:30,9:30,9:50,9:50
01/28/2004,9:16,9:50,10:10,10:10
01/28/2004,10:15,10:25,11:00,11:00
01/28/2004,10:45,10:55,11:30,11:30
01/28/2004,11:45,13:00,13:35,13:45
01/28/2004,11:45,13:20,14:10,14:10
01/28/2004,11:45,13:50,15:00,15:05
01/28/2004,13:00,13:00,13:20,14:00
01/28/2004,13:00,14:40,15:30,15:30
01/28/2004,13:00,14:50,15:10,15:10
01/28/2004,13:15,14:00,14:35,14:45
01/28/2004,13:15,15:00,15:35,15:45
01/28/2004,13:30,15:30,16:30,16:30
01/28/2004,15:00,15:25,16:05,16:15
01/28/2004,15:00,16:00,16:35,16:35
01/28/2004,15:00,16:25,16:55,16:55
01/28/2004,15:15,16:10,16:50,17:00
01/28/2004,15:30,16:05,16:35,17:00
01/29/2004,8:00,8:00,8:40,8:46
01/29/2004,10:00,10:30,11:00,11:45
01/29/2004,10:45,10:55,11:30,11:30
01/29/2004,11:00,11:15,11:45,11:45
01/29/2004,11:00,11:30,13:35,13:45
01/29/2004,13:00,13:10,13:35,13:55
01/29/2004,13:00,13:15,14:15,14:15
01/29/2004,13:30,13:45,14:20,14:20
01/29/2004,13:30,13:30,14:15,14:15
01/29/2004,14:25,14:40,15:00,15:05
01/29/2004,14:55,14:55,15:30,15:50
01/30/2004,8:00,8:00,8:40,8:45
01/30/2004,8:00,8:00,8:40,9:00
01/30/2004,8:00,8:20,9:10,9:25
01/30/2004,8:45,9:15,9:40,9:50
01/30/2004,8:00,8:45,9:15,9:30
01/30/2004,9:50,10:25,10:55,11:00
01/30/2004,9:15,9:45,10:15,10:30
01/30/2004,13:10,13:15,13:55,14:10
01/30/2004,13:15,13:55,14:25,14:30
02/02/2004,8:00,8:15,8:35,8:50
02/02/2004,8:00,8:00,10:00,10:00
02/02/2004,9:00,9:15,9:45,9:45
02/02/2004,9:30,9:30,10:15,10:15
02/02/2004,9:40,10:05,10:38,11:00
02/02/2004,10:00,10:38,11:00,11:30
02/02/2004,10:30,10:50,11:40,12:00
02/02/2004,10:40,11:00,11:25,11:40
02/02/2004,11:00,11:25,11:55,12:15
02/02/2004,11:15,11:20,11:50,11:55
02/02/2004,11:35,13:00,13:30,13:36
02/02/2004,11:40,13:30,15:10,15:30
02/02/2004,13:00,13:00,13:40,13:50
02/02/2004,13:00,13:30,14:00,14:10
02/02/2004,13:00,14:00,14:31,14:50
02/02/2004,13:30,13:30,14:30,14:30
02/02/2004,14:00,16:00,16:30,16:45
02/02/2004,14:15,14:15,14:47,15:35
02/02/2004,15:00,15:15,16:05,16:30
02/02/2004,15:30,15:30,16:00,16:10
02/03/2004,8:00,8:00,10:00,10:15
02/03/2004,8:00,9:00,9:35,9:45
02/03/2004,9:15,9:15,9:40,9:40
02/03/2004,10:35,11:00,11:30,11:50
02/03/2004,13:00,13:00,13:23,13:40
02/03/2004,13:00,13:35,14:05,14:16
02/03/2004,13:45,13:55,14:20,14:35
02/03/2004,14:30,14:40,15:15,15:30
02/03/2004,14:40,14:40,15:25,15:25
02/03/2004,14:45,15:00,15:30,15:45
02/04/2004,8:00,9:00,9:30,10:00
02/04/2004,9:10,10:10,10:35,10:50
02/04/2004,9:15,9:40,10:10,10:25
02/04/2004,10:00,10:15,10:35,10:50
02/04/2004,10:15,10:40,11:20,11:45
02/04/2004,11:30,11:50,12:10,13:00
02/04/2004,11:40,13:00,13:45,14:10
02/04/2004,13:00,12:10,13:00,13:35
02/04/2004,13:00,14:00,14:35,15:00
02/04/2004,13:00,14:35,15:05,15:40
02/04/2004,13:30,14:00,14:30,14:30
02/04/2004,14:30,15:00,15:30,15:35
02/04/2004,14:45,15:30,16:05,16:25
02/05/2004,8:00,8:30,8:50,9:06
02/05/2004,8:30,9:00,9:30,10:00
02/05/2004,9:00,9:00,9:45,9:45
02/05/2004,9:00,10:10,10:35,10:40
02/05/2004,9:05,9:15,9:45,10:00
02/05/2004,9:10,9:45,10:20,10:36
02/05/2004,9:30,9:45,10:10,10:25
02/05/2004,9:35,10:00,10:15,10:30
02/05/2004,11:00,13:00,13:30,13:55
02/05/2004,11:15,12:20,12:45,13:25
02/05/2004,11:30,11:45,12:15,12:15
02/05/2004,11:30,13:00,13:30,14:50
02/05/2004,13:00,13:00,13:45,14:15
02/05/2004,13:00,13:00,13:30,13:35
02/05/2004,13:00,13:20,14:00,14:00
02/05/2004,13:00,14:00,14:24,14:40
02/05/2004,13:00,13:30,14:00,14:10
02/05/2004,13:00,13:30,14:00,14:45
02/05/2004,13:00,14:24,15:00,15:10
02/05/2004,13:00,16:15,16:50,17:00
02/05/2004,13:05,14:00,14:30,14:50
02/05/2004,13:15,15:00,15:30,15:30
02/05/2004,13:16,13:50,14:30,14:50
02/05/2004,13:25,14:15,15:00,15:00
02/05/2004,13:45,14:10,15:00,15:25
02/05/2004,14:06,15:00,15:40,16:00
02/05/2004,14:10,15:00,15:30,15:45
02/05/2004,14:30,15:00,15:30,15:50
02/05/2004,16:00,16:00,16:30,16:50
02/05/2004,16:25,16:30,17:00,17:15
02/06/2004,8:00,8:00,8:40,8:40
02/06/2004,8:00,8:00,8:33,8:45
02/06/2004,8:00,8:20,9:00,9:15
02/06/2004,8:10,8:33,9:10,9:25
02/06/2004,8:30,9:10,9:45,9:50
02/06/2004,9:30,9:30,10:15,10:15
02/06/2004,9:30,9:50,10:15,10:25
02/06/2004,9:30,9:30,10:00,10:15
02/06/2004,9:30,10:10,10:40,10:50
02/06/2004,9:30,10:20,10:45,10:50
02/06/2004,10:10,10:20,11:00,11:00
02/06/2004,10:30,10:50,11:45,11:45
02/06/2004,11:00,11:20,11:40,11:45
02/06/2004,11:15,11:15,11:35,11:50
02/06/2004,11:30,13:00,13:35,13:45
02/06/2004,11:30,14:00,14:40,15:05
02/06/2004,13:00,13:00,13:35,13:45
02/06/2004,13:00,13:05,13:40,14:00
02/06/2004,13:00,13:30,14:00,14:15
02/06/2004,13:00,13:30,14:15,14:25
02/06/2004,13:00,13:10,13:45,14:30
02/06/2004,13:00,13:45,14:20,14:30
02/06/2004,14:00,14:15,15:00,15:00
02/06/2004,15:10,15:30,16:05,16:10
02/06/2004,15:45,17:15,17:35,17:35
02/06/2004,16:00,16:30,16:55,17:00
02/09/2004,8:00,8:40,9:16,9:30
02/09/2004,8:30,8:50,9:35,9:35
02/09/2004,8:45,8:50,9:25,9:35
02/09/2004,9:00,9:15,9:50,10:00
02/09/2004,9:30,10:15,10:40,10:45
02/09/2004,9:30,9:50,10:25,10:30
02/09/2004,10:00,10:40,11:20,11:15
02/09/2004,10:15,10:20,10:52,11:00
02/09/2004,10:50,11:00,11:40,11:45
02/09/2004,10:55,11:00,11:35,12:00
02/09/2004,11:00,13:15,13:40,13:50
02/09/2004,11:00,12:15,13:11,13:30
02/09/2004,11:00,11:15,12:15,12:30
02/09/2004,11:00,11:35,12:15,12:25
02/09/2004,11:05,12:00,12:25,12:30
02/09/2004,11:10,12:10,12:45,13:00
02/09/2004,11:45,13:00,13:40,13:45
02/09/2004,13:00,16:00,16:45,17:00
02/09/2004,13:00,14:30,15:00,15:15
02/09/2004,13:00,14:15,15:50,15:55
02/09/2004,13:00,14:45,15:30,14:30
02/09/2004,13:00,13:52,14:10,14:30
02/09/2004,13:00,14:15,15:15,15:37
02/09/2004,13:00,13:45,14:20,14:30
02/09/2004,13:00,13:15,14:00,14:05
02/09/2004,13:00,13:00,13:35,13:35
02/09/2004,13:20,14:15,15:15,15:30
02/09/2004,13:25,13:30,14:15,14:20
02/09/2004,13:30,14:20,15:20,15:35
02/09/2004,13:55,14:50,15:15,15:30
02/09/2004,13:55,15:15,15:40,15:45
02/09/2004,14:00,15:18,15:50,16:10
02/09/2004,14:00,14:30,15:40,15:50
02/09/2004,14:00,15:15,15:40,16:00
02/09/2004,14:00,14:15,14:50,15:00
02/09/2004,14:15,14:50,16:00,16:10
02/09/2004,14:25,15:56,16:10,16:30
02/09/2004,14:30,15:50,16:20,16:35
02/09/2004,16:00,16:15,16:44,16:50
02/10/2004,8:00,8:00,8:28,8:40
02/10/2004,8:15,8:15,8:45,9:00
02/10/2004,8:20,8:20,9:20,9:20
02/10/2004,8:30,8:45,9:30,9:30
02/10/2004,8:30,11:20,11:35,11:35
02/10/2004,9:00,9:20,9:51,10:00
02/10/2004,9:00,9:10,10:00,10:00
02/10/2004,9:15,9:25,9:55,10:00
02/10/2004,9:45,10:00,11:20,11:30
02/10/2004,10:30,10:35,11:10,11:25
02/10/2004,10:30,11:30,13:20,13:20
02/10/2004,10:35,13:20,13:45,13:45
02/10/2004,10:45,10:55,11:15,11:30
02/10/2004,10:45,13:40,13:48,14:00
02/10/2004,11:00,13:05,13:15,13:30
02/10/2004,11:00,11:25,11:55,12:00
02/10/2004,11:16,13:10,14:00,14:00
02/10/2004,13:00,13:25,13:50,14:05
02/10/2004,13:00,13:15,13:53,14:00
02/10/2004,13:00,13:57,14:15,14:40
02/10/2004,13:00,14:00,14:40,13:45
02/10/2004,13:00,13:55,14:40,14:50
02/10/2004,13:00,14:40,15:10,15:30
02/10/2004,13:00,15:18,15:35,15:50
02/10/2004,13:00,14:39,15:20,15:30
02/10/2004,13:15,13:53,14:30,14:55
02/10/2004,13:20,14:30,15:15,15:35
02/10/2004,13:20,15:20,15:50,16:00
02/10/2004,13:40,14:30,14:54,15:15
02/10/2004,13:40,14:45,15:25,15:40
02/10/2004,14:30,16:00,16:46,17:00
02/10/2004,14:45,15:30,16:00,16:10
02/10/2004,14:45,15:50,16:45,16:45
02/10/2004,15:00,15:20,16:05,16:20
02/10/2004,15:00,15:40,16:20,16:30
02/10/2004,15:00,16:05,16:30,16:40
02/10/2004,16:30,16:20,16:50,16:50
02/11/2004,8:00,8:00,8:35,8:35
02/11/2004,8:00,8:00,8:33,8:45
02/11/2004,8:00,8:00,8:35,8:45
02/11/2004,8:00,9:35,10:05,10:30
02/11/2004,8:00,8:45,9:15,9:30
02/11/2004,8:00,9:50,10:20,11:00
02/11/2004,8:00,8:35,9:10,9:25
02/11/2004,8:00,9:10,9:30,9:50
02/11/2004,8:00,10:05,10:45,11:00
02/11/2004,8:30,9:20,9:50,10:00
02/11/2004,9:00,10:00,10:35,11:00
02/11/2004,9:00,9:10,9:30,10:00
02/11/2004,9:15,9:10,10:20,10:25
02/11/2004,9:50,10:15,10:45,10:55
02/11/2004,10:00,10:50,11:45,11:50
02/11/2004,10:15,11:00,11:12,11:25
02/11/2004,10:25,11:13,11:38,12:00
02/11/2004,10:30,13:00,13:30,13:40
02/11/2004,10:35,10:50,11:25,11:35
02/11/2004,10:36,13:30,13:55,14:05
02/11/2004,10:45,13:00,13:35,13:35
02/11/2004,11:00,13:00,13:50,14:00
02/11/2004,13:00,13:30,14:20,14:25
02/11/2004,13:00,14:00,14:35,14:50
02/11/2004,13:00,13:52,14:20,14:30
02/11/2004,13:00,14:15,14:45,15:25
02/11/2004,13:00,14:21,15:00,15:25
02/11/2004,13:00,13:00,13:40,13:50
02/11/2004,13:30,14:00,14:30,14:35
02/11/2004,14:10,15:00,15:25,15:45
02/11/2004,14:30,15:00,15:25,15:40
02/11/2004,14:40,14:45,15:30,15:30
02/11/2004,14:45,14:40,15:30,16:10
02/12/2004,8:00,8:15,8:45,8:50
02/12/2004,8:00,8:00,8:40,8:40
02/12/2004,8:25,8:45,9:35,9:20
02/12/2004,8:30,9:00,9:45,9:50
02/12/2004,9:00,9:15,9:50,10:00
02/12/2004,9:30,9:40,10:20,10:30
02/12/2004,9:45,10:00,10:35,11:00
02/12/2004,10:00,10:40,11:28,11:45
02/12/2004,10:00,10:30,11:10,11:20
02/12/2004,10:20,11:10,11:35,11:45
02/12/2004,10:20,10:30,11:00,11:20
02/12/2004,11:30,11:35,11:55,13:30
02/12/2004,11:45,14:10,14:50,15:00
02/12/2004,13:45,13:50,14:35,14:55
02/12/2004,13:50,14:20,15:10,15:30
02/12/2004,14:30,14:50,15:25,15:30
02/12/2004,15:00,15:30,15:55,16:00
02/12/2004,15:50,16:00,16:50,17:00
02/13/2004,8:00,8:00,8:35,8:45
02/13/2004,8:00,8:35,9:00,9:30
02/13/2004,8:00,8:00,8:40,9:35
02/13/2004,8:50,9:25,9:55,10:10
02/13/2004,9:05,9:10,9:35,9:35
02/13/2004,9:05,9:55,10:20,10:25
02/13/2004,11:00,11:30,11:50,12:05
02/13/2004,11:15,13:00,13:30,13:50
02/13/2004,11:20,13:30,14:05,14:30
02/13/2004,11:50,13:00,13:35,13:40
02/13/2004,13:00,13:15,14:10,14:10
02/13/2004,13:00,13:50,14:35,14:55
02/13/2004,13:25,14:20,15:00,15:15
02/13/2004,14:05,14:50,15:10,15:50
02/13/2004,14:20,14:45,15:25,15:38
02/13/2004,14:30,15:15,15:47,16:00
02/13/2004,14:45,15:50,16:40,16:40
02/13/2004,14:50,15:00,15:30,15:35
02/13/2004,15:15,15:20,15:40,15:45
02/16/2004,8:00,8:00,8:53,9:10
02/16/2004,8:00,8:30,9:05,9:30
02/16/2004,8:00,13:00,13:45,14:00
02/16/2004,8:40,8:40,9:16,9:16
02/16/2004,8:45,8:54,9:17,9:31
02/16/2004,9:45,10:00,10:35,10:50
02/16/2004,10:30,10:30,11:25,11:30
02/16/2004,10:40,11:05,11:30,11:40
02/16/2004,10:45,11:30,13:30,13:30
02/16/2004,10:45,11:15,11:45,11:45
02/16/2004,11:00,13:15,14:00,14:10
02/16/2004,11:00,13:50,14:55,15:10
02/16/2004,11:15,11:22,11:42,11:50
02/16/2004,11:50,13:40,14:20,14:30
02/16/2004,13:00,13:40,14:35,14:35
02/16/2004,13:00,13:05,13:48,14:00
02/16/2004,13:00,15:00,15:48,16:00
02/16/2004,13:15,13:30,14:15,14:30
02/16/2004,13:20,14:10,15:00,15:00
02/16/2004,13:45,13:49,14:18,14:40
02/16/2004,14:00,14:19,14:45,15:00
02/16/2004,14:45,15:00,15:25,15:35
02/17/2004,8:00,8:00,8:30,8:30
02/17/2004,8:00,8:25,9:05,9:16
02/17/2004,8:20,8:20,9:10,9:25
02/17/2004,8:35,11:10,11:41,12:00
02/17/2004,9:00,8:20,8:50,9:10
02/17/2004,9:25,9:35,10:10,11:00
02/17/2004,9:30,9:50,10:15,10:30
02/17/2004,9:50,10:25,11:05,11:20
02/17/2004,10:00,10:30,11:00,11:25
02/17/2004,10:15,10:30,11:00,11:30
02/17/2004,10:25,10:20,10:45,11:30
02/17/2004,11:40,13:00,13:20,13:35
02/17/2004,13:00,13:00,13:15,13:30
02/17/2004,13:00,13:20,13:45,13:45
02/17/2004,13:00,13:20,13:45,13:45
02/17/2004,13:00,13:30,14:00,14:15
02/17/2004,13:20,13:45,14:20,14:35
02/17/2004,13:40,14:00,14:15,14:35
02/17/2004,13:45,14:20,15:00,15:15
02/17/2004,14:00,14:20,14:50,14:50
02/17/2004,14:00,14:59,15:15,15:30
02/17/2004,14:00,15:00,15:25,15:25
02/17/2004,14:10,14:20,14:50,15:10
02/17/2004,14:15,14:40,15:00,15:15
02/17/2004,14:30,15:20,15:55,16:05
02/17/2004,15:45,15:50,16:10,16:10
02/18/2004,8:00,8:00,8:40,8:40
02/18/2004,8:00,8:10,8:40,8:45
02/18/2004,8:00,8:00,8:50,9:10
02/18/2004,8:15,9:10,9:30,9:50
02/18/2004,8:30,8:30,9:15,9:25
02/18/2004,8:30,9:00,9:35,9:45
02/18/2004,9:10,9:35,10:00,10:15
02/18/2004,9:25,9:30,10:10,10:15
02/18/2004,10:25,10:40,11:20,11:20
02/18/2004,10:30,10:55,11:25,11:25
02/18/2004,10:30,10:40,11:20,11:30
02/18/2004,10:50,11:00,11:30,11:35
02/18/2004,11:15,11:20,11:45,11:55
02/18/2004,11:30,13:00,13:20,13:35
02/18/2004,13:15,13:45,14:15,14:30
02/18/2004,13:15,14:20,15:10,14:30
02/19/2004,8:00,8:00,8:25,8:50
02/19/2004,9:00,9:00,9:35,10:00
02/19/2004,9:30,9:30,10:00,10:30
02/19/2004,9:30,10:10,10:40,11:00
02/19/2004,9:35,9:40,10:10,10:10
02/19/2004,10:15,10:25,10:45,11:00
02/19/2004,10:20,10:40,11:00,11:00
02/19/2004,10:30,10:40,11:15,11:15
02/19/2004,10:30,11:00,11:20,11:20
02/19/2004,10:30,13:45,14:10,14:15
02/19/2004,11:00,11:00,11:30,11:45
02/19/2004,11:20,13:00,13:30,13:45
02/19/2004,11:40,13:00,13:35,13:35
02/19/2004,13:00,13:00,13:30,13:50
02/19/2004,13:00,13:00,13:50,14:00
02/19/2004,13:00,13:15,14:00,14:30
02/19/2004,13:00,14:00,14:40,15:10
02/19/2004,13:45,14:00,14:45,15:00
02/19/2004,14:00,14:00,14:35,14:45
02/19/2004,14:15,14:15,14:55,15:10
02/19/2004,15:00,15:00,15:30,16:00
02/20/2004,8:00,8:10,8:50,8:55
02/20/2004,8:00,8:20,8:55,9:10
02/20/2004,8:20,8:20,9:10,9:20
02/20/2004,8:30,9:00,9:15,9:30
02/20/2004,8:30,9:50,10:30,10:30
02/20/2004,10:10,10:15,10:45,11:00
02/20/2004,10:15,10:35,10:50,11:00
02/20/2004,11:40,13:00,13:40,13:46
02/20/2004,11:40,13:20,14:15,14:30
02/20/2004,13:00,13:00,13:30,14:00
02/20/2004,13:15,14:00,14:40,15:00
02/20/2004,13:30,13:45,14:08,14:30
02/20/2004,14:00,14:10,14:45,15:00
02/20/2004,14:00,14:15,14:50,15:00
02/20/2004,14:50,15:30,16:10,16:25
02/20/2004,15:00,15:30,16:10,16:35
02/20/2004,16:10,16:10,16:35,16:50
02/23/2004,8:00,8:30,9:10,9:25
02/23/2004,8:00,8:45,9:15,9:30
02/23/2004,8:00,8:00,8:30,8:45
02/23/2004,8:10,9:00,9:35,10:00
02/23/2004,8:20,9:00,9:45,9:50
02/23/2004,8:45,9:10,9:50,10:00
02/23/2004,9:15,9:45,10:20,10:20
02/23/2004,9:45,10:00,10:35,10:35
02/23/2004,9:45,10:00,10:35,10:45
02/23/2004,9:50,10:00,10:25,10:30
02/23/2004,9:55,10:30,11:00,11:10
02/23/2004,10:00,10:15,10:45,11:00
02/23/2004,10:30,10:45,11:15,11:15
02/23/2004,11:00,13:00,13:35,13:45
02/23/2004,11:30,11:30,13:30,13:35
02/23/2004,11:30,13:15,14:00,14:00
02/23/2004,11:59,13:00,13:20,13:50
02/23/2004,13:15,13:50,14:20,14:25
02/23/2004,13:30,14:00,14:35,14:45
02/23/2004,13:45,14:10,14:40,15:00
02/23/2004,14:30,14:45,15:15,15:30
02/23/2004,14:30,14:50,15:20,15:45
02/24/2004,8:00,8:00,8:25,8:45
02/24/2004,8:00,8:20,9:10,9:20
02/24/2004,8:55,9:05,9:45,9:50
02/24/2004,9:15,10:00,10:30,10:36
02/24/2004,9:50,10:30,11:10,11:20
02/24/2004,10:00,10:50,11:20,11:20
02/24/2004,10:20,10:50,11:20,11:30
02/24/2004,10:50,10:50,11:20,11:23
02/24/2004,10:50,11:20,11:40,12:00
02/24/2004,11:20,11:30,12:00,12:20
02/24/2004,13:00,13:15,13:40,13:45
02/24/2004,13:00,13:00,13:30,13:45
02/24/2004,13:00,13:00,13:40,13:50
02/24/2004,13:00,13:15,13:45,14:00
02/24/2004,13:00,13:55,14:25,14:25
02/24/2004,13:40,14:00,14:30,15:00
02/24/2004,14:00,13:50,14:30,15:00
02/25/2004,8:00,8:00,8:20,9:00
02/25/2004,8:00,8:00,8:35,8:50
02/25/2004,8:00,8:20,9:00,9:10
02/25/2004,8:00,8:45,9:35,9:36
02/25/2004,8:35,9:15,10:10,10:15
02/25/2004,10:00,10:00,10:30,10:30
02/25/2004,10:00,10:45,11:15,11:30
02/25/2004,10:25,10:45,11:15,11:30
02/25/2004,10:40,10:45,11:34,11:50
02/25/2004,11:00,11:10,11:49,11:55
02/25/2004,11:25,13:10,13:45,14:10
02/25/2004,11:35,11:30,13:30,13:50
02/25/2004,13:00,13:30,14:00,14:10
02/25/2004,13:00,13:15,13:45,14:15
02/25/2004,13:00,14:00,14:35,15:00
02/25/2004,14:00,14:10,15:00,15:50
02/25/2004,14:25,14:45,15:30,15:30
02/26/2004,8:00,8:10,8:40,8:45
02/26/2004,8:00,8:00,8:35,9:00
02/26/2004,8:00,8:00,8:50,9:25
02/26/2004,8:00,8:40,9:20,9:50
02/26/2004,8:15,9:00,9:20,9:50
02/26/2004,8:30,9:35,10:10,10:25
02/26/2004,9:30,9:45,10:15,10:36
02/26/2004,9:45,10:10,10:40,11:00
02/26/2004,9:45,10:00,10:40,11:10
02/26/2004,10:00,9:50,10:35,10:50
02/26/2004,11:30,13:00,13:30,14:00
02/26/2004,11:30,13:00,13:45,14:00
02/26/2004,11:45,15:40,16:15,16:20
02/26/2004,13:00,13:20,14:10,14:10
02/26/2004,13:10,13:58,14:24,14:45
02/26/2004,13:20,14:35,15:00,15:10
02/26/2004,14:30,14:45,15:05,15:10
02/26/2004,14:35,14:35,15:15,15:15
02/26/2004,14:35,14:50,15:35,16:00
02/27/2004,8:00,8:00,8:45,9:00
02/27/2004,8:00,8:00,9:10,9:20
02/27/2004,8:00,8:45,9:20,9:25
02/27/2004,8:00,9:25,9:51,10:20
02/27/2004,8:20,9:10,9:35,9:50
02/27/2004,8:30,8:40,9:35,9:45
02/27/2004,8:36,9:25,10:15,10:15
02/27/2004,8:55,9:30,10:15,10:25
02/27/2004,10:00,10:25,10:50,11:25
02/27/2004,10:10,10:20,11:15,11:30
02/27/2004,10:30,10:30,11:15,11:15
02/27/2004,10:35,10:50,11:25,11:45
02/27/2004,11:00,11:20,11:50,12:00
02/27/2004,11:00,11:35,11:55,12:00
02/27/2004,11:30,13:00,13:45,14:00
02/27/2004,13:00,13:00,13:45,14:10
02/27/2004,13:00,13:15,13:50,14:10
02/27/2004,13:00,13:45,14:05,14:05
02/27/2004,13:35,13:55,14:22,14:35
02/27/2004,13:45,14:00,15:00,15:15
02/27/2004,13:55,14:20,14:50,15:00
02/27/2004,14:00,13:40,15:15,15:25
03/01/2004,8:00,8:05,8:20,8:25
03/01/2004,8:00,8:05,8:30,8:45
03/01/2004,8:00,8:15,8:40,9:00
03/01/2004,8:50,9:00,9:20,9:30
03/01/2004,9:20,9:00,9:40,10:05
03/01/2004,10:15,10:25,11:15,11:25
03/01/2004,10:25,10:35,11:00,11:15
03/01/2004,13:00,13:00,13:35,13:55
03/01/2004,13:00,13:45,14:15,14:25
03/01/2004,13:00,13:00,13:30,13:50
03/01/2004,13:10,13:30,14:10,14:15
03/01/2004,13:15,13:20,14:20,14:35
03/01/2004,13:15,14:10,14:55,15:10
03/01/2004,13:30,14:30,15:00,15:12
03/01/2004,13:35,14:50,15:20,15:35
03/01/2004,13:40,14:10,14:43,15:00
03/01/2004,14:00,14:50,15:20,15:30
03/01/2004,15:50,16:00,16:30,16:40
03/02/2004,8:00,8:00,8:30,8:30
03/02/2004,8:00,8:00,8:30,8:50
03/02/2004,8:25,8:50,9:15,9:50
03/02/2004,8:25,9:00,9:35,9:55
03/02/2004,9:50,10:05,10:25,10:35
03/02/2004,11:00,11:00,13:35,13:35
03/02/2004,13:10,13:40,14:20,14:30
03/02/2004,14:00,14:30,15:00,15:10
03/02/2004,14:10,14:25,14:45,14:53
03/02/2004,14:40,14:15,15:10,15:45
03/03/2004,8:00,8:00,8:40,8:44
03/03/2004,8:00,8:25,9:10,9:20
03/03/2004,8:00,9:10,9:40,10:00
03/03/2004,9:30,10:00,10:20,10:45
03/03/2004,9:55,10:10,10:45,10:55
03/03/2004,13:15,13:15,13:40,14:10
03/03/2004,13:16,14:30,15:00,15:16
03/03/2004,13:30,14:50,15:15,15:35
03/03/2004,13:45,15:10,15:35,15:35
03/03/2004,15:00,15:00,16:00,16:00
03/03/2004,15:30,15:35,16:10,16:15
03/04/2004,8:00,8:00,8:35,8:36
03/04/2004,8:00,8:40,9:10,9:25
03/04/2004,9:00,9:00,10:08,10:15
03/04/2004,9:30,10:35,11:00,11:15
03/04/2004,10:30,10:28,10:59,11:10
03/04/2004,10:30,10:30,11:15,11:15
03/04/2004,13:20,13:40,14:00,14:10
03/04/2004,13:25,13:10,14:08,14:15
03/04/2004,14:00,15:00,15:45,16:00
03/04/2004,15:00,16:00,16:45,16:45
03/04/2004,15:10,15:10,16:10,16:15
03/04/2004,15:30,15:40,16:40,16:50
03/04/2004,17:00,17:50,18:40,18:45
03/04/2004,17:30,18:00,18:50,19:00
03/04/2004,20:00,20:35,21:00,21:00
03/05/2004,8:00,8:00,9:20,9:25
03/05/2004,8:00,8:15,8:35,9:25
03/05/2004,8:00,8:00,8:20,8:35
03/05/2004,8:00,8:00,8:25,9:00
03/05/2004,8:00,9:00,9:30,9:30
03/05/2004,8:30,9:00,9:40,9:50
03/05/2004,9:00,9:00,9:40,10:00
03/05/2004,9:15,10:00,10:30,10:45
03/05/2004,9:15,9:45,10:15,10:36
03/05/2004,10:00,11:00,11:30,12:00
03/05/2004,10:30,10:40,11:05,11:15
03/05/2004,10:45,11:00,11:25,11:25
03/05/2004,11:00,11:00,11:30,11:55
03/05/2004,11:15,11:15,11:55,12:00
03/05/2004,13:00,13:00,13:30,13:30
03/05/2004,13:00,13:15,13:45,14:00
03/05/2004,13:00,13:00,13:40,14:00
03/05/2004,13:00,13:30,14:10,14:25
03/05/2004,13:00,14:00,14:45,15:00
03/05/2004,13:00,14:43,15:07,15:20
03/05/2004,13:00,14:50,15:30,15:30
03/05/2004,13:00,15:20,15:50,16:00
03/05/2004,13:10,15:00,15:45,16:00
03/05/2004,13:10,15:55,16:45,17:00
03/05/2004,13:30,14:00,14:40,14:55
03/05/2004,13:35,15:15,16:35,16:45
03/05/2004,13:45,13:50,14:35,14:50
03/05/2004,14:00,14:30,14:50,15:10
03/05/2004,14:00,15:00,15:15,15:25
03/05/2004,14:30,14:30,15:15,15:15
03/05/2004,15:00,15:09,15:45,16:00
03/05/2004,15:00,15:15,15:25,16:30
03/05/2004,15:50,16:00,16:30,16:36
03/05/2004,16:00,16:00,18:30,18:30
03/08/2004,8:00,8:00,8:35,8:36
03/08/2004,8:00,8:07,8:30,8:50
03/08/2004,8:00,8:04,8:39,9:00
03/08/2004,8:00,8:30,8:45,9:20
03/08/2004,8:00,8:39,9:09,9:40
03/08/2004,8:20,11:00,11:25,11:30
03/08/2004,8:30,9:10,9:35,10:00
03/08/2004,8:35,9:10,9:45,10:16
03/08/2004,8:40,9:45,13:15,14:00
03/08/2004,9:00,9:45,10:34,10:45
03/08/2004,9:00,9:50,10:15,10:30
03/08/2004,9:00,10:25,10:44,11:00
03/08/2004,9:30,9:50,10:40,10:40
03/08/2004,9:30,11:15,11:50,12:00
03/08/2004,9:40,12:15,12:50,13:30
03/08/2004,9:45,11:45,12:00,12:00
03/08/2004,10:30,10:30,11:20,11:30
03/08/2004,10:35,11:10,11:45,12:15
03/08/2004,10:36,11:15,11:45,12:00
03/08/2004,10:45,12:30,12:45,13:30
03/08/2004,11:15,13:00,14:23,14:36
03/08/2004,13:00,13:00,13:30,13:25
03/08/2004,13:00,13:10,14:00,14:00
03/08/2004,13:00,13:30,14:00,14:15
03/08/2004,13:00,15:00,16:30,16:36
03/08/2004,13:15,14:15,14:40,14:55
03/08/2004,13:30,14:31,15:00,15:00
03/08/2004,13:35,14:25,14:50,15:00
03/08/2004,13:35,14:50,15:20,15:45
03/08/2004,13:40,14:00,14:20,14:35
03/08/2004,13:45,15:50,16:25,16:25
03/08/2004,13:50,15:05,15:35,15:50
03/08/2004,14:15,15:00,15:30,15:40
03/08/2004,14:30,15:04,15:29,15:40
03/08/2004,14:30,15:00,15:25,15:40
03/08/2004,14:45,16:00,16:38,16:50
03/08/2004,14:45,15:35,16:15,16:50
03/08/2004,14:50,15:30,15:42,16:00
03/08/2004,15:16,15:30,15:50,16:00
03/09/2004,8:00,8:00,8:25,8:50
03/09/2004,8:00,8:00,8:35,8:40
03/09/2004,8:00,8:15,9:00,9:10
03/09/2004,8:10,9:00,9:20,9:30
03/09/2004,8:40,9:00,9:20,9:30
03/09/2004,9:00,9:35,10:05,10:10
03/09/2004,9:25,9:50,10:15,10:15
03/09/2004,10:00,10:25,11:00,11:15
03/09/2004,10:55,11:00,11:15,11:40
03/09/2004,11:00,11:06,11:39,12:00
03/09/2004,13:00,13:00,13:25,14:10
03/09/2004,13:00,13:49,14:20,14:30
03/09/2004,13:00,14:00,14:15,14:50
03/09/2004,13:00,14:50,15:40,16:15
03/09/2004,13:15,14:15,14:45,15:20
03/09/2004,14:10,14:25,14:45,15:00
03/09/2004,14:45,14:55,15:30,15:30
03/10/2004,8:00,9:00,9:25,9:30
03/10/2004,8:00,8:00,8:40,9:00
03/10/2004,8:00,8:40,9:00,9:00
03/10/2004,8:00,8:20,8:50,9:25
03/10/2004,8:00,8:15,8:45,9:00
03/10/2004,8:00,8:00,8:30,8:35
03/10/2004,8:15,9:00,9:15,9:25
03/10/2004,8:30,9:25,9:50,10:00
03/10/2004,8:30,8:50,9:25,9:30
03/10/2004,9:15,9:20,9:43,10:00
03/10/2004,9:30,10:00,10:30,11:00
03/10/2004,10:00,10:30,10:55,11:00
03/10/2004,10:10,10:30,10:55,11:16
03/10/2004,10:45,11:10,11:40,12:00
03/10/2004,11:10,11:25,11:50,12:00
03/10/2004,11:16,11:30,13:25,13:30
03/10/2004,11:20,13:00,13:20,13:20
03/10/2004,11:35,14:15,14:45,15:30
03/10/2004,11:35,13:05,13:48,14:30
03/10/2004,13:00,16:00,16:30,16:35
03/10/2004,13:00,15:00,15:30,15:40
03/10/2004,13:00,14:42,14:55,15:00
03/10/2004,13:00,14:08,14:45,15:00
03/10/2004,13:00,13:25,14:00,14:20
03/10/2004,13:00,13:06,13:24,13:40
03/10/2004,13:00,13:25,14:15,14:25
03/10/2004,13:15,15:50,16:27,16:45
03/10/2004,13:15,14:40,15:40,16:15
03/10/2004,13:15,14:50,15:50,15:40
03/10/2004,13:15,13:30,14:30,14:40
03/10/2004,13:15,14:00,14:35,14:40
03/10/2004,13:15,13:50,14:20,14:30
03/10/2004,13:25,14:07,14:45,14:55
03/10/2004,13:30,14:00,14:35,14:40
03/10/2004,14:15,15:40,17:00,17:00
03/10/2004,16:30,16:40,17:10,17:15
03/10/2004, 14:40,17:07,17:28,17:30
03/11/2004,10:00,10:05,10:25,10:50
03/11/2004,10:25,10:00,11:10,11:30
03/11/2004,10:30,10:45,11:20,11:35
03/11/2004,11:00,11:15,12:00,12:00
03/11/2004,11:00,11:15,12:00,12:00
03/11/2004,11:30,13:25,14:15,14:45
03/11/2004,13:00,13:00,13:25,13:50
03/11/2004,13:00,14:00,14:30,14:50
03/11/2004,13:00,14:15,14:44,15:00
03/11/2004,13:00,13:30,14:00,14:00
03/11/2004,13:00,13:00,13:40,14:00
03/11/2004,13:15,15:00,15:30,16:30
03/11/2004,13:30,14:40,15:10,15:25
03/11/2004,13:30,15:15,15:50,16:00
03/11/2004,13:40,14:00,14:30,14:30
03/11/2004,13:45,14:19,14:50,14:55
03/11/2004,14:00,15:00,15:45,15:45
03/11/2004,14:15,14:30,15:15,15:45
03/11/2004,14:40,14:50,15:45,15:50
03/11/2004,15:00,15:43,16:30,16:36
03/11/2004,15:00,16:00,17:00,17:50
03/11/2004,15:00,15:15,16:30,17:16
03/11/2004,15:20,15:20,16:50,16:53
03/12/2004,8:00,8:10,8:50,9:00
03/12/2004,8:00,8:47,9:25,9:30
03/12/2004,8:00,9:30,9:55,10:00
03/12/2004,8:00,8:00,8:30,8:35
03/12/2004,8:00,8:25,8:47,9:00
03/12/2004,9:30,9:20,10:10,10:15
03/12/2004,10:30,10:50,11:20,11:30
03/12/2004,10:30,11:25,11:49,12:00
03/12/2004,11:00,11:00,11:40,11:45
03/12/2004,13:00,13:00,13:40,13:40
03/12/2004,13:00,13:05,13:40,13:50
03/12/2004,13:00,13:15,14:35,14:45
03/12/2004,13:00,14:20,15:10,15:20
03/12/2004,14:15,14:20,15:14,15:30
03/12/2004,14:20,15:15,15:40,16:00
03/12/2004,14:20,15:15,16:01,16:20
03/12/2004,14:35,15:40,16:30,16:45
03/12/2004,14:40,14:45,15:55,15:55
03/12/2004,14:45,15:30,16:15,16:15
03/12/2004,15:00,16:01,16:22,16:55
03/12/2004,16:40,16:40,17:12,17:35
03/12/2004,17:15,17:45,18:05,18:30
03/12/2004,17:40,18:05,18:30,18:35
03/15/2004,8:00,8:00,8:40,8:45
03/15/2004,8:00,8:05,8:50,9:05
03/15/2004,8:20,8:40,9:15,9:30
03/15/2004,8:45,9:00,9:20,9:25
03/15/2004,8:45,9:25,9:48,9:50
03/15/2004,8:50,9:15,9:45,10:10
03/15/2004,9:20,9:05,10:25,10:25
03/15/2004,10:10,10:10,10:40,10:40
03/15/2004,10:25,10:45,11:15,11:20
03/15/2004,10:25,10:35,11:00,11:30
03/15/2004,10:30,10:35,11:05,11:25
03/15/2004,10:30,11:15,11:45,11:45
03/15/2004,11:00,11:10,11:30,11:45
03/15/2004,11:10,11:20,11:45,12:00
03/15/2004,11:10,13:00,13:30,13:45
03/15/2004,11:30,13:00,13:35,13:50
03/15/2004,11:45,14:00,14:20,14:40
03/15/2004,11:50,13:00,13:30,13:45
03/15/2004,13:00,13:15,14:10,14:15
03/15/2004,13:20,13:25,13:47,14:00
03/15/2004,13:30,13:45,14:10,14:20
03/15/2004,13:30,14:00,14:45,15:00
03/15/2004,13:50,14:40,15:10,15:20
03/15/2004,14:20,15:00,15:35,15:40
03/15/2004,14:20,15:00,15:20,15:40
03/15/2004,14:25,15:00,15:45,15:45
03/15/2004,14:25,15:20,16:00,16:10
03/15/2004,14:30,15:30,16:20,16:30
03/15/2004,14:45,15:30,16:15,16:35
03/15/2004,16:20,16:40,17:35,17:45
03/16/2004,8:00,8:00,8:35,8:50
03/16/2004,8:00,8:05,8:50,9:08
03/16/2004,10:30,10:30,10:55,11:00
03/16/2004,10:55,11:00,11:40,11:55
03/16/2004,11:10,11:09,11:45,12:00
03/16/2004,13:00,13:15,13:45,13:55
03/16/2004,13:00,13:20,14:10,14:10
03/16/2004,13:00,13:50,14:30,14:45
03/16/2004,13:30,13:40,14:10,14:20
03/16/2004,14:15,14:15,14:45,15:00
03/17/2004,8:00,8:00,8:35,8:40
03/17/2004,8:25,8:35,8:55,9:15
03/17/2004,8:36,8:45,10:00,10:05
03/17/2004,9:10,9:35,10:20,10:20
03/17/2004,9:20,9:30,9:48,10:00
03/17/2004,11:40,13:00,13:35,13:36
03/17/2004,13:00,13:00,13:30,14:25
03/17/2004,13:30,13:40,14:20,14:20
03/17/2004,13:30,13:47,14:15,14:20
03/17/2004,14:05,14:15,14:54,15:00
03/17/2004,14:15,14:30,15:00,15:35
03/18/2004,8:00,8:00,8:40,9:00
03/18/2004,8:00,9:20,10:10,10:20
03/18/2004,8:00,8:00,9:22,9:35
03/18/2004,8:00,8:30,9:00,9:30
03/18/2004,8:20,9:25,10:05,10:30
03/18/2004,8:30,8:40,9:30,9:30
03/18/2004,8:35,10:15,10:49,11:10
03/18/2004,9:10,9:10,11:00,11:00
03/18/2004,9:25,9:00,10:33,10:36
03/18/2004,10:00,10:30,10:45,11:00
03/18/2004,10:05,10:50,11:20,11:45
03/18/2004,11:00,11:30,13:35,13:36
03/18/2004,11:30,13:15,14:00,14:10
03/18/2004,13:00,13:50,14:35,14:45
03/18/2004,13:00,14:20,15:45,13:50
03/18/2004,13:00,13:15,14:00,14:15
03/18/2004,13:30,16:00,16:30,16:30
03/18/2004,13:30,15:15,16:30,16:30
03/18/2004,14:25,16:00,16:30,16:30
03/18/2004,15:00,16:55,17:35,17:45
03/19/2004,8:00,8:00,8:50,9:20
03/19/2004,8:00,8:00,9:25,9:25
03/19/2004,9:00,9:20,10:20,10:50
03/19/2004,9:25,9:25,10:15,10:25
03/19/2004,9:30,9:45,10:30,10:30
03/19/2004,10:36,10:55,13:15,13:30
03/19/2004,11:25,13:00,13:35,13:35
03/19/2004,11:40,13:00,13:20,13:50
03/19/2004,11:40,13:15,14:00,14:10
03/19/2004,13:00,14:45,15:35,16:00
03/19/2004,13:00,13:30,14:08,14:25
03/19/2004,13:00,13:15,14:20,14:25
03/19/2004,13:00,13:45,15:00,15:00
03/19/2004,14:00,14:30,15:00,15:10
03/19/2004,15:00,15:30,16:00,16:00
03/19/2004,15:30,15:45,16:13,16:30
03/19/2004,16:45,17:00,17:20,17:30
03/22/2004,8:00,8:15,8:48,9:10
03/22/2004,8:00,8:05,9:15,9:16
03/22/2004,8:00,8:50,9:50,9:50
03/22/2004,8:00,9:15,10:20,10:30
03/22/2004,8:20,8:48,9:30,9:40
03/22/2004,8:30,9:30,10:00,10:30
03/22/2004,8:30,10:00,11:15,11:15
03/22/2004,8:50,11:00,11:45,11:50
03/22/2004,10:25,13:00,13:35,13:30
03/22/2004,10:30,13:20,14:10,14:10
03/22/2004,11:30,13:50,14:25,14:35
03/22/2004,13:00,13:15,13:50,14:00
03/22/2004,13:00,13:50,14:15,14:30
03/22/2004,13:15,14:30,15:15,15:10
03/22/2004,13:20,14:20,15:15,16:15
03/22/2004,13:25,15:15,16:00,16:10
03/22/2004,14:00,15:15,15:40,15:50
03/22/2004,14:00,16:00,16:40,16:30
03/22/2004,14:00,15:45,16:45,17:00
03/22/2004,14:50,15:00,15:25,15:45
03/22/2004,15:00,16:50,17:55,18:00
03/22/2004,15:10,15:25,16:00,16:25
03/23/2004,8:00,8:00,8:45,8:50
03/23/2004,8:00,8:30,9:10,9:25
03/23/2004,8:15,9:00,9:20,9:30
03/23/2004,8:15,9:10,9:35,9:36
03/23/2004,8:15,8:35,9:05,9:16
03/23/2004,8:25,9:25,10:00,10:10
03/23/2004,8:35,9:10,10:20,10:25
03/23/2004,9:50,10:10,10:39,10:55
03/23/2004,10:25,10:10,11:35,11:35
03/23/2004,10:35,10:55,11:20,11:30
03/23/2004,11:50,13:00,14:05,14:05
03/23/2004,13:00,13:15,13:45,14:00
03/23/2004,13:00,14:25,14:45,14:50
03/23/2004,13:00,14:00,14:40,15:00
03/23/2004,13:30,13:35,14:25,14:25
03/23/2004,14:10,14:40,15:10,15:25
03/23/2004,14:15,14:44,15:31,15:50
03/23/2004,14:15,15:35,16:25,16:40
03/23/2004,14:30,14:50,15:45,16:00
03/23/2004,14:50,15:10,15:30,15:50
03/23/2004,15:00,15:15,15:40,16:10
03/23/2004,15:00,15:30,16:00,16:15
03/24/2004,8:00,8:05,8:20,8:25
03/24/2004,8:00,8:05,8:30,9:00
03/24/2004,10:10,10:25,10:40,11:00
03/24/2004,10:35,10:50,11:50,11:50
03/24/2004,13:00,13:15,13:35,13:40
03/24/2004,13:00,13:05,13:30,13:45
03/24/2004,13:00,13:30,13:45,14:00
03/24/2004,13:00,13:25,14:10,14:20
03/24/2004,13:00,13:20,14:15,14:30
03/24/2004,13:45,14:15,14:35,14:45
03/24/2004,14:15,14:20,14:50,15:00
03/24/2004,14:15,14:35,14:45,15:00
03/24/2004,14:15,14:45,15:00,15:10
03/24/2004,14:40,14:50,15:10,15:40
03/24/2004,14:50,14:50,15:35,16:00
03/24/2004,15:10,15:20,16:15,16:25
03/25/2004,8:00,8:00,8:20,8:25
03/25/2004,8:00,8:00,8:25,8:30
03/25/2004,8:00,8:20,8:40,8:45
03/25/2004,8:15,8:15,8:55,9:05
03/25/2004,9:00,9:00,9:20,9:30
03/25/2004,10:00,10:15,10:40,10:55
03/25/2004,10:00,10:25,10:47,11:00
03/25/2004,10:10,10:30,11:00,11:10
03/25/2004,10:15,10:35,10:57,11:10
03/25/2004,10:15,11:00,11:15,11:30
03/25/2004,10:45,11:15,11:40,11:45
03/25/2004,11:00,11:00,11:20,11:20
03/25/2004,11:25,13:00,13:25,13:40
03/25/2004,11:45,13:00,13:20,13:45
03/25/2004,13:00,14:00,14:35,14:45
03/25/2004,13:00,13:45,14:34,14:50
03/25/2004,13:00,13:25,13:43,14:00
03/25/2004,13:00,13:35,13:55,14:00
03/25/2004,13:00,13:20,14:10,14:16
03/25/2004,13:00,14:35,15:00,15:15
03/25/2004,13:00,14:00,14:45,15:25
03/25/2004,13:00,15:00,15:40,15:40
03/25/2004,14:10,15:00,16:00,16:00
03/25/2004,14:15,15:20,15:45,16:00
03/25/2004,14:30,14:30,15:35,15:45
03/25/2004,14:30,14:45,15:15,15:15
03/25/2004,14:47,15:55,16:15,16:15
03/25/2004,15:00,15:42,16:15,16:30
03/25/2004,16:00,16:30,17:00,17:00
03/25/2004,16:30,16:30,17:00,17:00
03/26/2004,8:00,8:15,8:55,9:05
03/26/2004,9:00,9:15,9:35,9:50
03/26/2004,9:15,9:15,9:35,9:55
03/26/2004,9:30,9:55,10:27,10:45
03/26/2004,9:40,9:40,10:40,10:40
03/26/2004,10:00,10:55,11:15,11:25
03/26/2004,10:30,10:35,11:05,11:10
03/26/2004,11:15,11:20,13:35,13:45
03/26/2004,11:25,11:48,12:10,13:00
03/26/2004,11:30,11:40,12:00,12:00
03/26/2004,12:00,12:25,12:50,13:00
03/26/2004,12:00,12:10,12:30,13:00
03/26/2004,12:00,12:00,12:20,13:00
03/26/2004,13:00,13:10,13:50,14:05
03/26/2004,13:00,13:10,14:25,14:25
03/26/2004,13:00,14:15,15:15,15:15
03/26/2004,13:25,13:38,13:55,14:25
03/26/2004,13:35,13:45,14:20,14:30
03/26/2004,14:10,14:15,14:40,14:45
03/26/2004,15:00,15:30,16:10,15:25
03/26/2004,15:20,15:25,15:50,16:00
03/26/2004,15:30,15:50,16:05,16:15
03/29/2004,8:00,8:15,8:40,8:50
03/29/2004,8:00,8:10,9:15,9:30
03/29/2004,8:00,8:35,9:05,9:45
03/29/2004,8:00,8:00,9:10,9:15
03/29/2004,8:00,8:50,10:15,10:15
03/29/2004,8:20,9:10,9:45,10:10
03/29/2004,8:42,9:35,10:15,10:50
03/29/2004,8:45,9:00,9:32,9:40
03/29/2004,9:30,10:15,10:59,11:15
03/29/2004,9:35,10:20,10:55,11:00
03/29/2004,9:40,11:00,11:20,11:40
03/29/2004,9:45,11:00,11:30,11:30
03/29/2004,10:00,10:00,11:30,11:30
03/29/2004,10:40,11:20,13:35,13:50
03/29/2004,10:50,13:25,14:35,14:45
03/29/2004,11:00,11:15,11:50,12:00
03/29/2004,11:00,13:00,13:43,14:00
03/29/2004,11:15,14:15,15:00,15:30
03/29/2004,11:30,13:43,14:15,14:40
03/29/2004,13:00,13:00,13:15,14:50
03/29/2004,13:00,13:45,14:05,14:20
03/29/2004,13:00,14:10,14:35,14:45
03/29/2004,13:00,15:00,15:25,15:35
03/29/2004,13:00,15:30,16:00,16:25
03/29/2004,13:00,16:05,16:30,16:55
03/29/2004,13:05,17:15,17:55,18:20
03/29/2004,13:10,14:15,15:30,15:30
03/29/2004,13:15,16:00,16:55,17:25
03/29/2004,13:45,15:10,15:41,16:00
03/29/2004,13:45,15:30,16:00,16:15
03/29/2004,13:55,16:30,17:15,17:35
03/29/2004,14:10,14:30,15:00,15:15
03/29/2004,14:15,16:00,16:38,17:05
03/29/2004,14:25,16:00,16:40,17:00
03/29/2004,14:30,15:20,15:30,15:40
03/29/2004,14:30,15:00,15:15,15:40
03/29/2004,14:30,16:38,16:55,17:25
03/29/2004,14:45,15:00,15:30,16:50
03/29/2004,14:45,16:00,16:25,16:50
03/29/2004,14:45,15:41,17:40,17:55
03/29/2004,14:50,17:10,17:50,18:00
03/29/2004,14:55,15:30,16:15,16:30
03/29/2004,15:00,15:20,16:10,16:30
03/29/2004,15:00,17:00,17:30,17:45
03/29/2004,15:00,17:20,18:00,18:10
03/29/2004,15:05,16:35,17:10,17:30
03/29/2004,16:00,16:15,16:35,17:00
03/30/2004,8:00,8:15,8:45,9:00
03/30/2004,8:00,8:15,8:55,9:15
03/30/2004,8:30,8:55,9:25,9:40
03/30/2004,8:30,8:30,9:40,9:50
03/30/2004,8:45,9:15,9:35,9:45
03/30/2004,8:50,9:20,9:45,9:55
03/30/2004,9:00,9:25,9:45,10:05
03/30/2004,10:15,10:25,10:40,10:45
03/30/2004,10:15,10:20,10:45,11:10
03/30/2004,10:20,10:40,11:00,11:25
03/30/2004,10:55,11:00,11:20,11:45
03/30/2004,11:00,13:00,13:40,13:40
03/30/2004,11:00,11:15,11:40,11:45
03/30/2004,11:10,11:15,11:40,12:00
03/30/2004,13:00,13:00,13:39,13:55
03/30/2004,13:00,13:01,13:23,13:30
03/30/2004,13:00,13:15,14:10,14:10
03/30/2004,13:10,13:38,13:58,14:15
03/30/2004,13:15,13:45,15:00,15:14
03/30/2004,13:40,13:45,14:05,14:16
03/30/2004,13:45,14:03,14:37,14:50
03/30/2004,13:50,14:10,14:30,14:45
03/30/2004,14:15,14:39,14:52,15:07
03/30/2004,15:00,15:20,15:45,16:00
03/31/2004,8:00,8:23,8:37,9:00
03/31/2004,8:00,8:05,8:30,8:30
03/31/2004,8:15,8:50,9:10,9:20
03/31/2004,8:20,8:39,9:19,9:50
03/31/2004,9:00,9:40,10:10,10:30
03/31/2004,9:00,9:20,10:12,10:30
03/31/2004,10:00,10:15,10:27,10:40
03/31/2004,10:45,11:00,11:35,11:55
03/31/2004,10:55,13:10,13:35,13:45
03/31/2004,11:00,11:15,11:38,12:00
03/31/2004,11:35,13:00,13:43,14:00
03/31/2004,11:40,13:00,14:00,14:10
03/31/2004,11:40,13:50,14:17,15:30
03/31/2004,11:45,13:40,14:10,14:30
03/31/2004,13:00,13:15,13:45,14:10
03/31/2004,13:00,14:35,14:50,15:10
03/31/2004,13:00,13:30,14:15,15:00
03/31/2004,13:00,14:17,14:33,14:45
03/31/2004,13:00,14:50,15:25,15:30
03/31/2004,13:00,15:05,15:35,16:00
03/31/2004,13:00,14:49,15:36,16:00
03/31/2004,13:15,15:00,15:30,15:35
03/31/2004,14:00,15:45,16:42,17:25
03/31/2004,14:30,14:30,15:30,16:00
03/31/2004,15:15,15:30,16:05,16:25
04/01/2004,8:00,8:10,8:36,8:55
04/01/2004,8:00,8:05,9:00,9:15
04/01/2004,9:16,9:45,10:15,10:25
04/01/2004,9:36,9:36,10:26,10:35
04/01/2004,10:00,10:00,10:15,10:25
04/01/2004,11:30,11:25,11:48,12:00
04/01/2004,11:30,13:00,13:35,13:50
04/01/2004,13:00,13:05,14:00,14:16
04/01/2004,13:00,14:00,14:20,14:30
04/01/2004,13:00,13:40,14:25,14:40
04/01/2004,13:00,14:35,15:00,15:15
04/01/2004,13:15,15:15,15:40,15:55
04/01/2004,13:45,13:45,15:00,15:15
04/01/2004,13:55,14:20,15:20,15:30
04/01/2004,14:10,15:45,16:20,16:35
04/01/2004,14:10,14:45,16:00,16:10
04/01/2004,14:15,15:00,15:35,15:50
04/01/2004,14:16,15:35,16:25,16:25
04/01/2004,15:00,16:00,16:30,16:40
04/01/2004,15:00,16:20,16:45,17:00
04/01/2004,15:00,16:15,16:45,17:00
04/02/2004,8:00,8:15,8:45,9:00
04/02/2004,8:00,8:50,9:15,9:25
04/02/2004,8:00,8:45,9:05,9:16
04/02/2004,8:00,8:15,8:50,9:00
04/02/2004,8:30,9:00,9:20,9:30
04/02/2004,8:30,8:30,9:30,9:50
04/02/2004,8:30,9:15,9:35,9:40
04/02/2004,8:35,9:50,10:25,10:50
04/02/2004,8:45,9:40,10:20,10:30
04/02/2004,9:00,9:20,9:40,9:50
04/02/2004,10:00,10:00,11:25,11:30
04/02/2004,10:30,10:30,10:49,10:50
04/02/2004,10:30,10:40,11:05,11:25
04/02/2004,11:00,11:10,11:30,12:00
04/02/2004,11:35,13:00,13:55,14:15
04/02/2004,13:00,14:15,14:30,14:45
04/02/2004,13:00,13:20,14:00,14:10
04/02/2004,13:00,14:10,14:45,15:00
04/02/2004,13:00,14:45,15:05,15:10
04/02/2004,13:45,13:45,15:30,15:30
04/02/2004,14:00,14:50,16:00,16:00
04/05/2004,8:00,8:00,9:30,10:00
04/05/2004,8:00,8:00,8:45,8:50
04/05/2004,9:35,11:15,11:35,11:45
04/05/2004,10:30,10:30,11:45,11:55
04/05/2004,10:30,11:35,11:50,12:00
04/05/2004,10:30,10:35,11:02,11:10
04/05/2004,10:45,13:00,14:15,14:25
04/05/2004,11:00,13:00,13:35,13:50
04/05/2004,13:00,13:35,14:15,14:40
04/05/2004,13:25,14:15,14:40,15:05
04/05/2004,14:20,14:30,15:15,15:40
04/05/2004,14:30,15:50,17:10,17:15
04/05/2004,14:45,15:20,15:50,15:55
04/05/2004,14:50,17:10,18:20,18:30
04/05/2004,14:55,15:55,16:30,17:00
04/06/2004,8:00,8:00,8:55,8:55
04/06/2004,8:00,8:25,8:55,9:10
04/06/2004,8:00,8:30,8:45,9:00
04/06/2004,9:00,9:00,9:25,9:35
04/06/2004,9:00,9:00,9:15,9:35
04/06/2004,9:45,9:50,10:30,10:45
04/06/2004,10:00,10:10,10:36,10:45
04/06/2004,13:00,13:00,13:34,13:45
04/06/2004,13:00,13:14,14:10,14:25
04/06/2004,13:00,13:00,14:15,14:15
04/06/2004,14:30,14:30,15:10,15:10
04/06/2004,14:32,15:35,16:00,16:35
04/06/2004,15:00,15:55,16:40,16:50
04/06/2004,15:00,16:15,16:53,17:50
04/06/2004,15:30,16:10,16:30,17:00
04/07/2004,8:00,8:30,9:05,9:40
04/07/2004,8:00,9:00,9:33,9:45
04/07/2004,8:00,8:15,8:55,9:30
04/07/2004,8:00,9:30,9:50,10:10
04/07/2004,8:15,9:38,10:12,10:30
04/07/2004,9:00,10:30,10:45,10:55
04/07/2004,9:10,10:00,10:29,10:45
04/07/2004,9:15,10:12,10:30,10:35
04/07/2004,9:25,10:35,11:05,11:16
04/07/2004,11:20,11:25,11:45,11:59
04/07/2004,11:30,13:00,13:20,13:25
04/07/2004,11:30,13:00,13:35,14:15
04/07/2004,11:45,14:30,15:00,15:10
04/07/2004,13:00,13:15,13:30,13:40
04/07/2004,13:00,13:30,13:50,14:00
04/07/2004,13:00,14:20,14:45,15:00
04/07/2004,13:00,14:45,15:00,15:10
04/07/2004,13:00,15:00,15:30,15:40
04/07/2004,13:00,15:00,15:25,15:40
04/07/2004,13:00,15:00,15:30,14:00
04/07/2004,13:00,16:00,16:30,16:30
04/07/2004,13:10,13:05,14:15,14:15
04/07/2004,13:16,16:10,16:40,16:50
04/07/2004,13:16,16:30,17:10,17:30
04/07/2004,13:30,13:45,14:30,14:45
04/07/2004,13:30,16:00,16:15,16:25
04/07/2004,13:40,15:16,15:54,16:10
04/07/2004,13:45,14:05,14:20,14:40
04/07/2004,13:45,14:30,15:15,15:20
04/07/2004,14:00,17:25,18:15,18:25
04/07/2004,14:05,16:30,17:14,17:30
04/07/2004,14:10,15:00,16:15,16:15
04/07/2004,14:25,16:30,18:40,18:50
04/07/2004,14:30,17:15,17:35,17:50
04/07/2004,15:00,17:37,17:47,18:00
04/07/2004,15:20,16:15,16:32,16:45
04/08/2004,8:00,8:00,8:40,8:45
04/08/2004,8:00,8:10,8:30,9:00
04/08/2004,8:00,8:15,8:44,9:00
04/08/2004,8:00,8:20,9:10,9:20
04/08/2004,8:00,9:00,9:30,9:40
04/08/2004,8:00,9:00,10:20,10:20
04/08/2004,8:10,8:50,9:15,9:30
04/08/2004,8:50,9:55,10:25,10:50
04/08/2004,9:00,10:00,10:30,10:35
04/08/2004,9:25,11:00,11:30,11:45
04/08/2004,9:30,10:00,10:45,11:15
04/08/2004,9:40,10:30,11:15,11:30
04/08/2004,9:50,10:55,11:25,12:00
04/08/2004,9:55,11:20,11:55,12:00
04/08/2004,10:50,11:20,13:30,13:30
04/08/2004,11:00,14:00,14:35,14:35
04/08/2004,11:15,13:15,14:30,14:35
04/08/2004,13:00,13:00,13:25,13:35
04/08/2004,13:00,13:15,13:33,13:50
04/08/2004,13:00,13:15,13:45,14:00
04/08/2004,13:30,14:00,14:30,14:45
04/08/2004,13:35,14:00,14:30,14:45
04/08/2004,13:45,14:00,15:15,15:35
04/08/2004,14:00,15:15,16:00,16:00
04/08/2004,14:50,15:15,15:52,16:00
04/08/2004,15:00,15:10,15:30,15:50
04/08/2004,16:00,16:00,16:40,17:05
04/08/2004,16:25,16:30,17:00,17:00
04/12/2004,8:00,9:30,10:06,10:25
04/12/2004,8:00,8:00,8:46,9:00
04/12/2004,8:00,8:00,8:30,8:35
04/12/2004,8:00,8:15,8:47,9:00
04/12/2004,8:25,8:50,9:10,9:15
04/12/2004,8:35,9:40,10:09,10:20
04/12/2004,9:10,10:07,10:40,10:50
04/12/2004,9:40,10:15,10:39,10:55
04/12/2004,10:10,10:42,10:53,11:05
04/12/2004,11:00,11:10,11:45,12:00
04/12/2004,11:05,11:10,11:40,11:50
04/12/2004,11:15,13:00,14:20,14:25
04/12/2004,11:50,13:15,13:55,14:05
04/12/2004,13:00,13:30,14:20,14:30
04/12/2004,13:00,14:05,14:15,14:55
04/12/2004,13:00,13:30,14:30,14:35
04/12/2004,13:00,13:45,14:00,14:15
04/12/2004,13:00,13:15,13:40,14:00
04/12/2004,13:00,13:00,13:28,14:00
04/12/2004,13:20,14:21,15:00,15:10
04/12/2004,13:25,15:10,16:30,16:45
04/12/2004,13:25,14:10,15:20,15:30
04/12/2004,13:30,14:20,14:40,14:50
04/12/2004,13:40,16:00,16:41,17:05
04/12/2004,13:45,16:45,17:51,18:00
04/12/2004,13:45,14:50,15:30,15:40
04/12/2004,13:45,15:00,15:57,16:15
04/12/2004,13:50,15:00,16:00,16:10
04/12/2004,13:50,14:30,14:45,15:15
04/12/2004,13:55,15:00,15:45,15:55
04/12/2004,14:20,15:41,16:00,16:20
04/12/2004,14:55,15:50,16:20,16:25
04/12/2004,15:00,16:00,16:12,16:25
04/13/2004,13:00,14:55,15:25,15:35
04/13/2004,8:00,8:15,9:00,9:15
04/13/2004,8:00,8:30,10:00,10:05
04/13/2004,8:00,8:30,9:40,9:50
04/13/2004,8:00,9:00,9:25,9:35
04/13/2004,8:00,8:35,9:00,9:16
04/13/2004,8:00,8:15,8:50,9:00
04/13/2004,8:00,8:00,8:35,8:50
04/13/2004,8:30,10:20,11:15,11:25
04/13/2004,8:30,10:00,10:35,10:45
04/13/2004,9:20,9:25,10:10,10:25
04/13/2004,9:30,9:40,10:10,10:15
04/13/2004,9:50,10:00,10:15,10:35
04/13/2004,10:00,10:35,11:00,12:00
04/13/2004,10:00,10:10,10:30,10:45
04/13/2004,10:45,11:00,11:40,12:00
04/13/2004,11:00,11:10,11:50,12:00
04/13/2004,11:00,11:10,11:40,11:45
04/13/2004,11:00,11:30,11:47,12:00
04/13/2004,11:25,13:00,13:16,13:30
04/13/2004,13:00,15:00,15:40,15:45
04/13/2004,13:00,14:00,15:00,15:10
04/13/2004,13:00,13:20,14:15,14:30
04/13/2004,13:00,13:35,13:53,14:15
04/13/2004,13:00,13:10,13:50,14:00
04/13/2004,13:00,13:15,13:35,13:45
04/13/2004,13:10,14:00,14:25,14:40
04/13/2004,13:30,15:10,15:35,15:50
04/13/2004,13:30,14:50,15:20,15:40
04/13/2004,13:30,14:10,15:20,15:30
04/13/2004,13:30,14:25,14:50,15:00
04/13/2004,14:00,15:00,15:15,15:25
04/13/2004,14:05,15:00,15:27,15:40
04/13/2004,14:05,14:47,14:59,15:10
04/13/2004,14:10,15:00,15:55,16:10
04/13/2004,14:10,15:20,15:40,15:45
04/13/2004,14:16,15:28,15:47,16:15
04/13/2004,14:30,16:15,16:45,16:50
04/13/2004,14:35,15:40,15:55,16:00
04/13/2004,14:35,15:50,16:09,16:30
04/13/2004,15:00,15:30,16:00,16:30
04/14/2004,8:00,9:33,9:55,10:10
04/14/2004,8:00,8:00,8:50,9:16
04/14/2004,8:00,8:00,8:35,8:50
04/14/2004,8:00,8:00,8:25,8:36
04/14/2004,8:15,8:35,9:15,9:25
04/14/2004,8:30,8:51,9:05,9:16
04/14/2004,8:40,9:15,9:56,10:15
04/14/2004,9:05,9:10,9:33,9:45
04/14/2004,9:30,10:00,10:32,10:45
04/14/2004,9:30,9:50,10:25,10:30
04/14/2004,10:20,10:15,10:40,10:50
04/14/2004,11:00,11:10,11:55,12:00
04/14/2004,11:05,11:15,11:30,11:45
04/14/2004,11:20,13:00,13:25,13:35
04/14/2004,11:30,11:30,11:45,11:55
04/14/2004,13:00,13:30,14:07,14:25
04/14/2004,13:00,13:00,13:30,13:35
04/14/2004,13:15,13:26,13:50,14:10
04/14/2004,13:30,13:45,14:10,14:30
04/14/2004,13:40,14:30,14:59,15:20
04/14/2004,14:16,14:20,14:50,15:00
04/14/2004,14:30,15:15,15:44,16:00
04/14/2004,14:45,14:55,15:35,16:00
04/14/2004,15:00,15:20,15:35,16:00
04/14/2004,15:00,15:05,15:35,15:50
04/15/2004,8:00,8:00,9:15,9:16
04/15/2004,8:00,8:00,8:25,8:45
04/15/2004,8:30,8:40,9:00,9:05
04/15/2004,8:35,9:05,9:13,9:16
04/15/2004,9:00,9:10,9:50,10:00
04/15/2004,9:50,10:00,10:40,10:50
04/15/2004,10:25,10:15,11:10,11:15
04/15/2004,10:55,11:00,11:50,12:00
04/15/2004,13:00,14:55,15:35,15:55
04/15/2004,13:00,15:50,16:15,16:20
04/15/2004,13:00,15:35,15:50,16:05
04/15/2004,13:00,15:10,15:30,15:45
04/15/2004,13:00,14:20,14:55,15:10
04/15/2004,13:00,13:15,14:15,14:50
04/15/2004,13:00,13:20,14:05,14:20
04/15/2004,13:00,13:00,13:50,14:00
04/15/2004,13:30,16:26,16:36,16:50
04/15/2004,13:30,15:40,16:24,15:45
04/15/2004,14:30,14:30,15:40,15:45
04/15/2004,15:00,16:10,16:25,16:30
04/15/2004,15:00,15:20,16:15,16:30
04/16/2004,8:00,8:00,8:40,9:20
04/16/2004,8:00,8:15,9:10,9:20
04/16/2004,8:50,9:20,9:38,10:00
04/16/2004,9:00,9:00,10:00,10:15
04/16/2004,9:15,9:35,10:05,10:20
04/16/2004,9:15,9:50,11:00,11:00
04/16/2004,9:30,9:40,10:10,10:25
04/16/2004,10:00,10:25,10:59,11:00
04/16/2004,10:20,10:50,11:20,11:20
04/16/2004,10:50,11:10,11:45,11:45
04/16/2004,11:00,11:20,11:50,12:00
04/16/2004,13:00,13:00,13:30,13:55
04/16/2004,13:00,13:00,13:40,14:00
04/16/2004,13:00,13:00,13:54,14:00
04/16/2004,13:00,13:30,14:00,14:15
04/16/2004,13:40,13:55,15:20,15:40
04/16/2004,13:55,14:00,14:20,14:50
04/16/2004,13:55,14:10,14:40,14:50
04/16/2004,14:15,14:35,15:15,15:30
04/16/2004,14:30,14:30,15:00,15:00
04/16/2004,14:30,15:15,15:38,16:20
04/16/2004,15:00,15:20,15:35,15:50
04/16/2004,15:30,15:35,15:45,16:00
04/17/2004,8:00,8:00,9:25,9:30
04/17/2004,8:30,9:15,9:30,10:45
04/17/2004,9:00,9:30,9:45,9:45
04/17/2004,9:30,10:35,11:05,11:30
04/17/2004,9:30,9:45,10:36,11:00
04/17/2004,9:30,9:30,10:30,10:50
04/17/2004,9:45,10:36,11:15,11:30
04/17/2004,10:00,11:05,11:30,11:30
04/17/2004,11:00,11:10,11:30,11:40
04/17/2004,11:10,11:20,11:50,12:00
04/17/2004,11:15,13:00,14:10,14:10
04/17/2004,11:20,11:40,12:10,12:10
04/17/2004,11:30,13:00,14:41,14:00
04/17/2004,13:00,13:25,14:15,14:15
04/17/2004,13:00,13:41,14:10,14:25
04/17/2004,13:00,14:10,15:00,15:00
04/17/2004,13:00,13:00,13:53,14:15
04/17/2004,13:00,13:30,14:30,15:45
04/17/2004,14:00,14:00,14:30,14:30
04/17/2004,14:45,15:00,15:30,15:45
04/17/2004,15:00,15:00,15:31,16:00
04/17/2004,15:00,15:33,16:13,16:30
04/17/2004,15:20,15:20,16:10,16:25
04/17/2004,15:30,15:35,16:05,16:15
04/20/2004,8:00,8:15,8:35,9:00
04/20/2004,8:00,8:00,8:15,9:00
04/20/2004,8:00,8:00,8:20,8:30
04/20/2004,8:10,8:40,9:02,9:25
04/20/2004,8:15,8:35,9:15,9:15
04/20/2004,8:00,8:20,9:10,9:35
04/20/2004,8:05,8:20,9:00,9:00
04/20/2004,8:30,9:11,9:40,10:00
04/20/2004,10:00,10:07,10:25,10:30
04/20/2004,9:30,9:45,10:15,10:30
04/20/2004,10:00,10:20,11:00,11:05
04/20/2004,9:41,10:00,10:40,11:00
04/20/2004,10:40,10:40,11:40,12:00
04/20/2004,11:00,11:20,11:50,12:00
04/20/2004,13:00,13:00,13:35,13:45
04/20/2004,13:00,13:00,13:35,13:45
04/20/2004,13:00,13:00,14:10,14:30
04/20/2004,13:00,13:35,14:15,14:30
04/20/2004,13:00,13:20,14:25,14:30
04/20/2004,14:00,14:25,15:05,15:30
04/20/2004,14:05,14:20,15:09,15:30
04/20/2004,13:00,13:36,14:24,15:00
04/20/2004,15:00,15:10,16:15,16:30
04/20/2004,8:00,8:00,8:20,8:30
04/21/2004,8:00,8:15,8:45,9:00
04/21/2004,8:15,8:35,9:25,9:30
04/21/2004,8:15,8:15,9:17,9:30
04/21/2004,8:16,8:45,9:05,9:10
04/21/2004,9:00,9:00,9:30,9:45
04/21/2004,9:16,9:16,9:45,9:45
04/21/2004,9:16,9:20,10:30,10:30
04/21/2004,10:30,10:30,11:20,11:20
04/21/2004,10:30,10:35,11:00,11:25
04/21/2004,10:30,10:40,11:11,11:30
04/21/2004,10:35,11:00,11:15,11:20
04/21/2004,11:00,11:00,11:30,11:30
04/21/2004,11:30,11:30,12:00,12:00
04/21/2004,13:00,13:20,13:40,13:45
04/21/2004,13:00,13:30,14:10,14:15
04/21/2004,13:00,13:00,13:35,13:40
04/21/2004,13:00,13:00,13:42,14:00
04/21/2004,13:00,13:50,15:00,15:00
04/21/2004,13:00,13:00,14:05,14:25
04/21/2004,14:00,14:30,15:10,15:10
04/21/2004,14:25,15:00,15:40,15:40
04/21/2004,14:30,15:48,16:20,16:30
04/21/2004,14:30,14:34,15:09,15:30
04/21/2004,14:35,15:15,15:48,16:00
04/22/2004,8:00,8:28,9:09,9:20
04/22/2004,8:00,8:40,9:10,9:20
04/22/2004,8:00,8:18,8:50,9:05
04/22/2004,8:00,8:00,8:30,8:45
04/22/2004,8:00,8:00,8:40,8:45
04/22/2004,9:30,9:30,10:20,10:20
04/22/2004,10:30,10:40,11:20,11:30
04/22/2004,10:45,11:00,11:30,11:45
04/22/2004,11:10,11:10,12:00,12:00
04/22/2004,11:15,11:23,11:50,12:05
04/22/2004,13:00,13:00,13:50,13:50
04/22/2004,13:00,13:40,14:20,14:20
04/22/2004,13:00,13:00,13:40,14:50
04/22/2004,13:15,13:18,14:00,14:00
04/22/2004,13:30,14:00,14:25,14:45
04/22/2004,13:55,14:00,14:30,14:55
04/22/2004,14:25,14:30,14:50,15:00
04/22/2004,14:25,14:35,15:00,15:35
04/22/2004,14:30,14:35,15:12,15:30
04/22/2004,14:30,15:00,15:30,16:00
04/22/2004,14:35,15:05,15:35,16:00
04/22/2004,15:00,15:25,16:00,16:00
04/22/2004,15:00,15:30,15:55,16:30
04/23/2004,8:00,8:00,8:20,8:30
04/23/2004,8:00,8:20,9:05,9:05
04/23/2004,8:00,8:15,9:00,9:55
04/23/2004,8:00,9:05,9:45,10:00
04/23/2004,9:10,9:18,9:50,10:00
04/23/2004,9:10,9:55,11:00,12:00
04/23/2004,9:15,9:35,9:50,10:10
04/23/2004,9:40,10:46,12:00,12:00
04/23/2004,9:45,9:50,10:30,10:50
04/23/2004,11:15,11:18,11:45,12:00
04/23/2004,13:00,13:00,13:45,13:55
04/23/2004,13:30,13:30,14:14,14:30
04/23/2004,14:00,14:15,14:50,15:00
04/26/2004,8:10,8:25,8:45,9:00
04/26/2004,8:30,8:30,9:30,9:30
04/26/2004,9:20,9:25,10:45,10:45
04/26/2004,9:30,9:30,10:15,10:30
04/26/2004,9:45,10:08,10:20,10:40
04/26/2004,9:55,10:10,10:40,10:40
04/26/2004,10:30,10:30,11:00,11:00
04/26/2004,11:30,11:30,12:00,12:10
04/26/2004,13:00,13:00,13:34,13:50
04/26/2004,13:00,13:00,13:24,14:05
04/26/2004,13:00,13:15,13:54,14:00
04/26/2004,13:00,13:30,14:00,14:30
04/26/2004,13:00,13:10,14:15,14:30
04/26/2004,13:30,13:50,14:35,14:50
04/26/2004,13:45,14:15,14:50,15:00
04/26/2004,14:00,14:20,14:45,15:00
04/26/2004,14:30,14:50,15:20,15:30
04/26/2004,15:00,15:00,16:10,16:10
04/26/2004,15:05,15:10,15:40,16:00
04/27/2004,8:00,8:00,9:10,9:15
04/27/2004,8:00,8:25,8:50,9:20
04/27/2004,8:00,8:00,8:45,9:05
04/27/2004,8:00,9:10,10:10,10:20
04/27/2004,8:30,8:50,10:10,10:15
04/27/2004,9:15,9:25,10:00,10:20
04/27/2004,9:30,9:40,10:15,10:15
04/27/2004,10:00,10:15,10:45,11:00
04/27/2004,10:00,10:00,11:00,11:00
04/27/2004,10:45,10:45,11:25,11:30
04/27/2004,13:00,13:00,13:45,14:00
04/27/2004,13:10,13:50,14:30,14:35
04/27/2004,13:50,14:05,14:45,15:05
04/27/2004,14:10,14:10,15:10,15:10
04/27/2004,14:20,14:20,14:55,15:00
04/27/2004,15:00,15:15,15:40,15:50
04/28/2004,8:00,8:25,9:00,9:15
04/28/2004,9:35,9:50,10:20,10:30
04/28/2004,9:45,9:50,10:20,11:40
04/28/2004,10:30,10:50,11:16,11:40
04/28/2004,11:00,11:25,11:45,11:50
04/28/2004,11:30,13:00,13:28,13:55
04/28/2004,13:00,14:10,14:44,15:05
04/28/2004,13:10,13:00,13:55,14:15
04/28/2004,14:15,14:25,14:40,15:00
04/28/2004,15:00,15:00,15:28,15:35
04/29/2004,8:00,8:00,8:35,8:35
04/29/2004,8:10,8:20,9:00,9:40
04/29/2004,10:30,10:20,11:00,11:00
04/29/2004,10:30,10:45,11:20,11:30
04/29/2004,10:50,13:25,14:00,14:40
04/29/2004,11:15,11:20,11:40,12:00
04/29/2004,11:15,11:30,11:50,11:55
04/29/2004,11:30,13:15,13:50,14:00
04/29/2004,13:00,14:30,15:00,15:30
04/29/2004,13:00,13:50,14:20,14:30
04/29/2004,13:25,14:20,15:25,15:40
04/29/2004,13:35,14:15,15:05,15:30
04/29/2004,13:45,13:45,14:35,14:35
04/29/2004,14:00,15:10,15:40,15:55
04/29/2004,14:30,15:25,16:18,16:35
04/29/2004,15:00,17:08,17:30,17:30
04/29/2004,15:15,16:18,17:05,17:15
04/30/2004,8:00,8:00,8:30,8:36
04/30/2004,8:00,8:00,9:00,9:00
04/30/2004,8:30,8:55,9:30,9:30
04/30/2004,9:45,10:15,10:45,11:00
04/30/2004,10:15,10:15,11:00,11:30
04/30/2004,10:30,10:30,11:30,12:00
04/30/2004,10:45,11:10,11:30,11:45
04/30/2004,13:00,13:00,13:55,14:10
04/30/2004,13:00,13:55,14:15,14:30
04/30/2004,13:00,13:25,14:00,14:00
04/30/2004,13:00,14:20,15:10,15:20
04/30/2004,13:00,14:15,14:43,15:15
04/30/2004,13:00,13:50,14:34,15:00
04/30/2004,13:00,15:10,15:50,16:15
05/03/2004,8:00,8:25,8:45,9:10
05/03/2004,8:00,8:20,9:10,9:15
05/03/2004,8:00,8:00,8:25,8:45
05/03/2004,8:30,9:20,9:50,10:00
05/03/2004,8:30,9:20,9:50,10:05
05/03/2004,9:00,9:50,10:05,10:30
05/03/2004,9:00,9:25,9:50,10:00
05/03/2004,10:00,10:15,10:35,10:45
05/03/2004,10:00,10:15,10:40,10:45
05/03/2004,10:15,10:30,11:10,11:30
05/03/2004,10:15,10:40,11:15,11:30
05/03/2004,13:00,13:00,15:30,15:30
05/03/2004,13:00,13:55,14:12,14:25
05/03/2004,13:00,13:00,14:00,14:10
05/03/2004,13:00,14:00,14:25,14:30
05/03/2004,13:00,13:10,13:30,13:45
05/03/2004,13:05,14:20,15:05,15:10
05/03/2004,13:10,13:30,13:55,14:30
05/03/2004,13:15,14:00,14:30,14:35
05/03/2004,13:30,14:35,14:50,15:10
05/03/2004,13:40,13:20,14:10,14:45
05/03/2004,14:00,14:55,15:15,15:30
05/03/2004,14:30,14:45,15:15,15:25
05/03/2004,16:00,16:00,16:30,16:30
05/04/2004,8:00,8:00,8:25,8:36
05/04/2004,8:00,8:15,8:25,8:30
05/04/2004,8:30,9:10,9:30,9:40
05/04/2004,8:45,8:45,9:35,9:35
05/04/2004,9:00,9:15,9:50,9:50
05/04/2004,9:03,9:40,10:10,10:25
05/04/2004,9:30,9:35,10:20,10:30
05/04/2004,10:15,10:20,10:50,11:10
05/04/2004,10:30,10:15,11:00,11:00
05/04/2004,10:36,10:45,11:05,11:10
05/04/2004,11:15,11:15,11:45,12:00
05/04/2004,11:30,13:00,13:20,13:20
05/04/2004,13:00,13:05,13:45,14:00
05/04/2004,13:00,13:25,14:10,14:30
05/04/2004,13:00,13:20,13:50,14:30
05/04/2004,13:30,13:30,14:35,14:50
05/04/2004,13:30,13:35,14:30,14:30
05/04/2004,13:45,14:28,14:45,14:55
05/04/2004,13:50,14:40,15:05,15:25
05/04/2004,14:05,15:00,15:35,15:45
05/04/2004,14:10,14:35,15:10,15:25
05/04/2004,14:30,15:10,15:48,16:00
05/04/2004,15:15,15:15,15:45,16:00
05/05/2004,8:00,8:00,8:30,8:45
05/05/2004,8:00,8:30,8:55,9:00
05/05/2004,8:25,8:35,9:10,9:45
05/05/2004,8:30,8:15,9:15,9:10
05/05/2004,8:30,8:50,9:10,9:10
05/05/2004,8:30,8:40,10:10,10:10
05/05/2004,8:35,9:15,9:50,9:55
05/05/2004,9:35,9:35,10:05,10:16
05/05/2004,10:00,10:15,10:40,10:45
05/05/2004,10:15,10:15,11:00,11:00
05/05/2004,10:15,10:30,11:25,11:45
05/05/2004,10:35,10:40,11:08,11:20
05/05/2004,10:45,11:10,11:25,11:30
05/05/2004,10:50,13:00,13:45,13:55
05/05/2004,11:00,11:25,11:45,12:00
05/05/2004,11:10,13:00,13:55,14:00
05/05/2004,13:00,13:00,13:35,13:55
05/05/2004,13:00,13:45,14:05,14:05
05/05/2004,13:00,13:35,15:00,15:00
05/05/2004,13:10,13:20,14:10,14:10
05/05/2004,13:15,14:05,14:25,14:30
05/05/2004,13:45,14:00,14:45,15:00
05/05/2004,13:50,14:50,15:30,15:30
05/05/2004,14:00,14:20,14:45,14:50
05/05/2004,14:05,14:45,15:15,15:30
05/05/2004,14:30,14:15,15:45,16:30
05/05/2004,14:45,15:00,15:45,15:50
05/05/2004,15:00,15:15,15:45,15:50
05/05/2004,15:15,15:20,15:50,16:00
05/05/2004,15:30,15:25,15:52,16:15
05/05/2004,17:15,17:15,18:00,18:00
05/06/2004,8:00,8:10,8:30,8:45
05/06/2004,8:00,8:00,8:35,9:45
05/06/2004,8:00,8:20,9:30,9:45
05/06/2004,8:00,8:00,8:55,9:00
05/06/2004,8:10,9:20,10:10,10:10
05/06/2004,8:10,9:50,10:15,10:30
05/06/2004,8:30,8:45,9:05,9:15
05/06/2004,8:50,8:50,9:05,9:15
05/06/2004,9:00,9:07,9:15,9:35
05/06/2004,9:30,9:50,10:15,10:30
05/06/2004,9:45,10:00,10:20,10:30
05/06/2004,10:10,10:25,11:00,11:30
05/06/2004,10:30,10:30,11:00,11:00
05/06/2004,10:45,10:45,11:30,11:30
05/06/2004,10:45,11:05,11:30,11:35
05/06/2004,11:30,11:40,11:55,11:55
05/06/2004,13:00,13:00,13:20,13:30
05/06/2004,13:00,13:29,13:37,13:50
05/06/2004,14:00,15:40,16:11,16:25
05/06/2004,14:05,14:05,15:05,15:10
05/06/2004,14:30,14:30,14:50,14:55
05/06/2004,14:40,14:50,15:10,15:45
05/06/2004,14:45,15:15,15:37,16:00
05/06/2004,14:45,15:25,16:05,16:15
05/06/2004,14:50,14:55,15:15,15:30
05/06/2004,14:50,15:00,15:15,15:30
05/07/2004,8:00,8:00,8:35,8:36
05/07/2004,8:00,8:00,8:35,8:35
05/07/2004,8:00,8:20,9:10,9:00
05/07/2004,9:00,9:05,9:25,9:30
05/07/2004,11:00,11:00,11:25,11:36
05/07/2004,11:00,11:20,11:50,12:00
05/07/2004,13:00,13:15,14:00,14:00
05/07/2004,13:30,13:30,14:00,14:00
05/07/2004,14:10,14:30,15:00,15:15
05/07/2004,14:45,14:50,15:10,15:15
05/07/2004,15:40,16:00,16:30,16:30
05/10/2004,8:00,8:05,8:50,9:00
05/10/2004,8:45,8:45,9:15,9:30
05/10/2004,9:45,9:50,10:30,10:45
05/10/2004,9:46,10:20,10:45,11:00
05/10/2004,9:50,10:00,10:20,10:36
05/10/2004,10:00,10:45,11:10,11:10
05/10/2004,10:00,10:30,10:55,11:00
05/10/2004,10:00,10:00,11:20,11:20
05/10/2004,10:05,10:50,11:50,11:50
05/10/2004,11:45,14:30,14:50,15:05
05/10/2004,13:00,13:20,14:10,14:25
05/10/2004,13:00,13:55,14:15,14:36
05/10/2004,13:00,14:55,15:15,15:20
05/10/2004,13:00,13:00,13:55,14:05
05/10/2004,13:00,14:50,16:10,16:10
05/10/2004,13:00,13:50,15:10,15:15
05/10/2004,13:00,13:00,14:00,14:00
05/10/2004,13:30,14:00,14:15,14:25
05/10/2004,14:00,15:45,16:15,17:10
05/10/2004,14:00,17:44,18:10,18:10
05/10/2004,14:30,15:00,15:30,15:50
05/10/2004,14:30,17:25,17:43,18:00
05/10/2004,14:45,17:00,17:35,17:50
05/10/2004,15:00,15:45,16:10,16:15
05/10/2004,15:25,15:30,15:49,16:00
05/11/2004,8:00,8:00,8:40,8:50
05/11/2004,8:00,8:40,10:00,10:00
05/11/2004,8:30,9:40,10:30,10:30
05/11/2004,8:45,10:20,11:10,11:15
05/11/2004,9:00,9:25,10:00,10:10
05/11/2004,9:15,10:00,10:25,10:36
05/11/2004,9:30,10:15,10:40,11:00
05/11/2004,10:25,10:25,11:05,11:15
05/11/2004,10:30,11:00,11:35,11:40
05/11/2004,11:25,13:30,14:51,15:00
05/11/2004,13:00,13:00,13:40,14:00
05/11/2004,13:00,13:00,13:45,14:00
05/11/2004,13:00,13:20,14:10,14:25
05/11/2004,13:00,13:50,14:40,14:50
05/11/2004,13:00,14:40,15:00,15:16
05/11/2004,13:00,14:30,15:35,15:35
05/11/2004,13:10,15:00,15:40,15:45
05/11/2004,13:15,14:55,15:40,15:50
05/11/2004,13:30,13:45,14:40,15:00
05/11/2004,13:30,15:20,16:15,16:25
05/11/2004,13:30,15:40,16:00,16:30
05/11/2004,13:35,15:40,16:30,16:35
05/11/2004,13:40,16:00,16:35,16:50
05/11/2004,14:10,16:05,17:15,17:30
05/11/2004,14:40,15:00,15:35,15:45
05/12/2004,8:00,8:00,9:00,9:16
05/12/2004,8:00,8:00,8:35,8:45
05/12/2004,8:30,8:35,9:50,10:10
05/12/2004,11:30,13:10,14:00,14:05
05/12/2004,11:36,13:15,13:35,13:35
05/12/2004,13:00,13:00,13:20,13:30
05/12/2004,13:00,14:00,14:30,15:00
05/12/2004,13:00,13:10,13:30,13:40
05/12/2004,14:00,14:00,14:45,15:00
05/12/2004,15:10,15:13,16:05,16:15
05/12/2004,15:35,15:30,15:50,16:00
05/12/2004,15:35,15:50,16:10,16:15
05/13/2004,8:00,8:30,9:15,9:15
05/13/2004,8:00,8:50,9:40,9:45
05/13/2004,8:00,8:10,8:40,10:00
05/13/2004,8:00,8:40,10:00,10:30
05/13/2004,8:20,10:01,10:30,11:00
05/13/2004,8:30,9:20,10:15,10:30
05/13/2004,10:30,10:25,11:10,11:15
05/13/2004,11:00,11:05,13:40,13:55
05/13/2004,11:30,13:15,14:00,14:10
05/13/2004,13:00,13:00,13:25,13:35
05/13/2004,13:00,13:25,13:52,14:15
05/13/2004,13:00,13:20,14:00,14:30
05/13/2004,13:00,13:15,13:35,13:50
05/13/2004,13:00,13:00,14:10,14:35
05/13/2004,13:00,13:20,14:10,14:35
05/13/2004,13:00,13:55,15:25,15:25
05/13/2004,13:15,14:00,14:25,14:35
05/13/2004,13:30,14:25,15:40,15:50
05/13/2004,13:35,14:35,15:05,15:35
05/13/2004,14:00,14:15,14:49,15:00
05/13/2004,14:15,15:41,16:25,16:45
05/13/2004,14:50,15:15,15:45,16:10
05/13/2004,14:50,14:50,16:10,16:30
05/13/2004,15:15,15:25,15:55,16:10
05/13/2004,15:40,15:45,16:10,16:10
05/14/2004,8:10,8:30,8:55,9:20
05/14/2004,10:30,10:40,11:10,11:30
05/14/2004,11:30,11:30,11:45,12:00
05/14/2004,13:00,13:00,14:00,14:00
05/14/2004,14:00,14:15,15:00,15:15
05/14/2004,14:30,14:45,15:30,15:30
05/17/2004,8:00,8:05,8:25,8:30
05/17/2004,8:40,8:50,9:20,9:30
05/17/2004,10:00,10:00,11:00,11:00
05/17/2004,11:15,11:15,11:50,11:50
05/17/2004,13:00,13:00,13:50,14:00
05/17/2004,13:00,13:35,14:15,14:45
05/17/2004,13:00,13:25,14:15,14:30
05/17/2004,13:15,13:42,14:00,14:15
05/17/2004,13:25,13:40,14:40,14:50
05/17/2004,13:30,14:20,15:30,15:30
05/17/2004,14:45,15:15,16:00,16:00
05/17/2004,14:45,15:15,16:35,17:00
05/18/2004,8:25,8:10,9:00,9:00
05/18/2004,9:20,9:23,10:13,10:30
05/18/2004,10:10,10:10,11:15,11:15
05/18/2004,11:00,11:00,11:35,12:00
05/18/2004,13:00,13:00,14:15,14:30
05/18/2004,13:00,13:00,14:10,14:10
05/18/2004,13:00,13:55,14:20,16:00
05/18/2004,13:00,13:00,13:50,14:10
05/18/2004,13:30,14:15,14:40,14:50
05/18/2004,13:30,14:13,15:15,15:30
05/19/2004,8:00,8:00,8:35,8:36
05/19/2004,8:05,8:20,9:10,9:16
05/19/2004,9:10,9:15,9:50,10:10
05/19/2004,9:30,9:30,10:10,10:10
05/19/2004,11:00,10:50,12:30,12:45
05/19/2004,13:00,13:00,13:45,13:45
05/19/2004,13:00,13:15,14:10,14:45
05/19/2004,14:30,14:30,15:15,15:15
05/19/2004,14:35,15:00,15:32,15:45
05/19/2004,17:45,18:00,18:55,19:00
05/20/2004,8:00,8:00,9:00,9:00
05/20/2004,8:00,8:15,9:08,9:30
05/20/2004,9:00,9:08,9:25,9:40
05/20/2004,10:00,10:00,11:00,11:45
05/20/2004,10:20,10:25,10:50,11:00
05/20/2004,10:30,10:40,11:50,12:00
05/20/2004,10:50,10:50,11:23,11:45
05/20/2004,11:30,13:00,13:30,13:30
05/20/2004,13:00,13:08,13:55,14:00
05/20/2004,13:00,13:40,14:15,14:30
05/20/2004,13:00,13:55,14:35,14:50
05/20/2004,13:10,13:15,14:00,14:00
05/20/2004,14:40,14:50,15:20,15:40
05/20/2004,14:40,15:25,15:50,16:05
05/20/2004,14:45,15:50,16:15,16:15
05/20/2004,15:00,16:00,16:26,16:40
05/20/2004,15:10,16:25,16:55,17:00
05/20/2004,15:30,16:00,16:50,17:00
05/21/2004,8:00,8:15,8:45,9:00
05/21/2004,8:00,8:45,9:38,10:00
05/21/2004,8:55,9:40,10:05,10:25
05/21/2004,9:35,10:15,11:00,11:45
05/21/2004,10:00,10:30,11:30,11:45
05/21/2004,10:20,13:00,13:50,14:25
05/21/2004,11:30,14:00,14:45,14:45
05/21/2004,13:30,15:00,16:00,16:15
05/21/2004,13:30,13:50,15:00,15:25
05/21/2004,13:30,14:00,15:00,15:30
05/21/2004,15:15,16:00,16:30,16:55
05/21/2004,15:36,15:50,16:40,16:50
05/24/2004,8:00,8:10,8:35,8:35
05/24/2004,8:00,8:00,8:35,8:36
05/24/2004,8:30,9:07,9:30,9:45
05/24/2004,8:45,8:52,9:43,10:00
05/24/2004,9:45,10:30,11:00,11:25
05/24/2004,10:15,10:33,11:01,11:25
05/24/2004,10:30,10:45,11:10,11:30
05/24/2004,10:30,11:02,11:25,11:35
05/24/2004,10:45,11:00,11:45,12:00
05/24/2004,11:20,11:20,11:50,12:00
05/24/2004,13:00,14:00,14:25,15:00
05/24/2004,13:00,13:02,14:05,14:16
05/24/2004,13:00,13:00,13:25,14:00
05/24/2004,13:00,13:00,13:35,13:30
05/24/2004,13:10,14:25,14:50,15:10
05/24/2004,13:15,14:45,15:20,15:35
05/24/2004,13:30,16:00,16:35,16:50
05/24/2004,13:30,14:56,15:14,15:30
05/24/2004,13:30,14:15,14:54,15:10
05/24/2004,14:16,14:15,15:59,16:10
05/24/2004,14:40,15:00,15:30,15:40
05/24/2004,14:45,15:15,15:35,15:45
05/24/2004,14:50,15:45,16:10,16:30
05/24/2004,15:00,15:10,16:10,16:15
05/24/2004,15:00,16:10,16:40,16:40
05/24/2004,15:00,15:25,16:00,16:00
05/25/2004,8:00,8:27,8:50,9:00
05/25/2004,8:00,8:00,8:30,8:36
05/25/2004,8:10,8:20,8:40,8:50
05/25/2004,9:16,9:25,10:00,10:35
05/25/2004,9:40,9:55,10:35,10:45
05/25/2004,10:00,10:00,10:20,10:45
05/25/2004,10:00,9:50,10:35,10:50
05/25/2004,10:45,11:13,11:25,11:35
05/25/2004,13:00,13:00,14:00,14:05
05/25/2004,13:00,13:00,13:30,13:35
05/25/2004,13:30,13:35,14:00,14:15
05/25/2004,13:30,13:45,15:05,15:30
05/25/2004,13:52,13:55,14:30,16:00
05/25/2004,14:00,15:05,16:28,16:45
05/25/2004,14:15,15:00,15:40,16:00
05/25/2004,14:15,14:50,15:30,15:30
05/25/2004,14:20,14:40,15:00,15:05
05/25/2004,14:25,14:30,15:30,15:40
05/25/2004,14:45,14:50,15:20,15:40
05/25/2004,15:00,15:10,15:50,16:00
05/25/2004,15:30,15:48,16:15,16:25
05/25/2004,15:30,15:40,16:30,16:30
05/25/2004,15:30,15:55,16:10,16:25
05/26/2004,8:00,8:00,9:08,9:25
05/26/2004,8:10,8:10,9:10,9:35
05/26/2004,8:15,8:56,9:20,9:36
05/26/2004,8:25,8:20,8:54,9:40
05/26/2004,8:30,8:30,9:00,9:30
05/26/2004,8:30,9:05,9:30,9:30
05/26/2004,8:45,9:25,9:50,10:20
05/26/2004,9:00,9:10,9:55,10:15
05/26/2004,9:15,10:35,10:58,11:16
05/26/2004,10:00,10:10,11:12,11:35
05/26/2004,10:00,11:15,12:00,12:10
05/26/2004,10:00,10:05,11:20,11:30
05/26/2004,10:10,13:05,13:26,13:30
05/26/2004,10:10,11:00,11:25,11:35
05/26/2004,10:30,13:05,13:35,13:45
05/26/2004,11:00,13:35,14:00,14:30
05/26/2004,11:00,13:00,14:20,14:30
05/26/2004,11:16,11:30,13:35,13:30
05/26/2004,13:00,14:40,15:35,16:00
05/26/2004,13:00,14:15,14:40,15:00
05/26/2004,13:00,13:27,14:10,14:45
05/26/2004,13:00,14:12,15:05,15:25
05/26/2004,13:00,16:00,16:35,16:50
05/26/2004,13:00,15:21,16:14,16:30
05/26/2004,13:00,14:25,15:50,16:30
05/26/2004,13:10,15:15,15:40,15:50
05/26/2004,13:30,13:25,14:10,14:36
05/26/2004,14:00,16:00,16:45,17:00
05/26/2004,14:35,16:05,16:45,17:00
05/26/2004,14:40,15:35,16:05,16:35
05/26/2004,15:30,16:30,16:55,17:00
05/27/2004,8:00,8:00,8:50,8:50
05/27/2004,8:00,8:00,9:15,9:30
05/27/2004,8:15,8:30,9:35,10:00
05/27/2004,9:06,9:30,10:00,10:25
05/27/2004,9:08,9:55,10:15,10:30
05/27/2004,9:16,9:41,10:18,11:16
05/27/2004,9:30,10:25,10:57,11:16
05/27/2004,10:00,10:00,10:40,11:00
05/27/2004,10:00,10:15,10:50,11:05
05/27/2004,10:00,10:20,10:35,11:00
05/27/2004,10:25,11:01,11:09,11:25
05/27/2004,10:30,10:35,11:00,11:00
05/27/2004,10:50,11:12,11:22,11:45
05/27/2004,11:00,13:00,13:45,13:50
05/27/2004,11:30,13:10,13:55,14:25
05/27/2004,13:00,13:50,14:25,14:30
05/27/2004,13:00,13:00,14:15,14:35
05/27/2004,13:00,13:40,14:20,14:35
05/27/2004,13:00,13:00,14:10,14:15
05/27/2004,13:30,14:32,14:42,15:00
05/27/2004,13:40,14:06,14:32,15:00
05/27/2004,14:00,14:25,15:00,15:15
05/27/2004,14:00,14:15,14:45,15:00
05/27/2004,14:00,14:15,14:35,15:00
05/27/2004,14:00,14:35,15:00,15:00
05/27/2004,14:20,14:20,14:45,15:00
05/27/2004,14:25,15:45,15:55,16:05
05/27/2004,14:50,15:10,15:40,16:00
05/27/2004,15:00,15:15,15:50,16:00
05/27/2004,15:00,15:30,16:05,16:35
05/28/2004,8:00,8:10,8:35,8:35
05/28/2004,8:00,8:00,8:40,9:05
05/28/2004,8:00,8:20,9:30,9:35
05/28/2004,8:25,8:45,9:10,9:25
05/28/2004,8:40,8:55,9:20,9:45
05/28/2004,8:45,8:50,9:20,9:35
05/28/2004,8:45,9:00,9:40,10:00
05/28/2004,8:45,9:32,9:55,10:00
05/28/2004,9:00,10:05,10:53,11:10
05/28/2004,10:00,10:15,11:10,11:16
05/28/2004,10:00,10:00,10:20,10:30
05/28/2004,10:15,10:30,10:50,10:50
05/28/2004,10:30,10:40,11:10,11:15
05/28/2004,10:55,11:05,11:16,11:30
05/28/2004,11:20,11:25,11:38,12:00
05/28/2004,11:30,11:30,11:50,12:00
05/28/2004,13:00,13:09,13:38,13:50
05/28/2004,13:00,13:00,14:00,14:00
05/28/2004,13:00,13:08,13:55,14:10
05/28/2004,13:00,14:00,14:50,15:10
05/28/2004,13:00,13:42,15:10,15:30
05/28/2004,13:15,13:00,13:30,13:55
05/28/2004,14:20,14:20,15:00,15:00
05/28/2004,14:55,15:00,15:30,15:30
05/28/2004,15:30,15:40,16:05,16:30